name,price,brand,operating_system,ram,cpu_model,cpu_speed,ratings_count,url
Samsung Galaxy S22 5G US Version 128GB Green - T-Mobile (Renewed),,Samsung,Android 10.0,8 GB,Snapdragon 8 Gen1,3 GHz,(91),https://www.amazon.com/Samsung-Galaxy-S22-Version-128GB/dp/B0B2X5KWN7/ref=sr_1_160?dib=eyJ2IjoiMSJ9.NjDZHLBbf_H19ARszY1YBkC_9iLMjqfOtVVZbb5dAWYRDuFX7R1BUraO8Rl-88xPKDgVlz02TG9N4P4UTzdEqK1jqeOC-nq34ai2e6sfhaOuXCzXlEBZ0k-51XhJpQN8aRma0mjrYe44wUj_O_M9AfQoxkRoyojmIHj721gh3ao_S4jg_nxPOTj5eTPfomMrTEMNB10jiHuodvVSvYlThR34jTHd4D5eaHVBvxogmrQ.iHwP1EsVmP3j9SkjEqcMtnrZ1rCI3rghUWk72L_uaE0&dib_tag=se&keywords=samsung+phone&qid=1781450916
SAMSUNG Galaxy S21 Plus 128GB Black Factory unlocked,,Samsung,Android 11.0,8 GB,Snapdragon,2.84 GHz,(163),https://www.amazon.com/SAMSUNG-Galaxy-128GB-Factory-Unlocked/dp/B0C1HY54G9/ref=sr_1_159?dib=eyJ2IjoiMSJ9.NjDZHLBbf_H19ARszY1YBkC_9iLMjqfOtVVZbb5dAWYRDuFX7R1BUraO8Rl-88xPKDgVlz02TG9N4P4UTzdEqK1jqeOC-nq34ai2e6sfhaOuXCzXlEBZ0k-51XhJpQN8aRma0mjrYe44wUj_O_M9AfQoxkRoyojmIHj721gh3ao_S4jg_nxPOTj5eTPfomMrTEMNB10jiHuodvVSvYlThR34jTHd4D5eaHVBvxogmrQ.iHwP1EsVmP3j9SkjEqcMtnrZ1rCI3rghUWk72L_uaE0&dib_tag=se&keywords=samsung+phone&qid=1781450916
Samsung Galaxy S22+ Plus 5G US Version 128GB Green - Verizon (Renewed),,Samsung,SnapDragon,8 GB,1.2GHz Cortex A8 Processor,3 GHz,(9),https://www.amazon.com/SAMSUNG-S22-128GB-GREEN-VERIZON/dp/B0BQKGQSMK/ref=sr_1_158?dib=eyJ2IjoiMSJ9.NjDZHLBbf_H19ARszY1YBkC_9iLMjqfOtVVZbb5dAWYRDuFX7R1BUraO8Rl-88xPKDgVlz02TG9N4P4UTzdEqK1jqeOC-nq34ai2e6sfhaOuXCzXlEBZ0k-51XhJpQN8aRma0mjrYe44wUj_O_M9AfQoxkRoyojmIHj721gh3ao_S4jg_nxPOTj5eTPfomMrTEMNB10jiHuodvVSvYlThR34jTHd4D5eaHVBvxogmrQ.iHwP1EsVmP3j9SkjEqcMtnrZ1rCI3rghUWk72L_uaE0&dib_tag=se&keywords=samsung+phone&qid=1781450916
OtterBox Samsung Galaxy S26 Ultra Defender Series Pro Case - Black Tough Rugged & Durable Samsung Galaxy Phone Case with Magnets,,OtterBox,,,,,(669),https://www.amazon.com/OtterBox-Samsung-Galaxy-Ultra-Defender/dp/B0G752PKTD/ref=sr_1_157?dib=eyJ2IjoiMSJ9.NjDZHLBbf_H19ARszY1YBkC_9iLMjqfOtVVZbb5dAWYRDuFX7R1BUraO8Rl-88xPKDgVlz02TG9N4P4UTzdEqK1jqeOC-nq34ai2e6sfhaOuXCzXlEBZ0k-51XhJpQN8aRma0mjrYe44wUj_O_M9AfQoxkRoyojmIHj721gh3ao_S4jg_nxPOTj5eTPfomMrTEMNB10jiHuodvVSvYlThR34jTHd4D5eaHVBvxogmrQ.iHwP1EsVmP3j9SkjEqcMtnrZ1rCI3rghUWk72L_uaE0&dib_tag=se&keywords=samsung%2Bphone&qid=1781450916&th=1
Samsung Galaxy A36 5G Ai (for Tmobile Mint Tello & Global) (256GB + 8GB) NFC Version Latina Unlocked SM-A366E/DS 6.6 120Hz 50MP Triple (Awesome Black SM-A366EZKGTPA),,Samsung,android,8 GB,1.2GHz Cortex A13 Processor,4 GHz,(69),https://www.amazon.com/Samsung-Unlocked-SM-A366E-DS-SM-A366EZKGTPA/dp/B0F1GHDC44/ref=sr_1_156?dib=eyJ2IjoiMSJ9.NjDZHLBbf_H19ARszY1YBkC_9iLMjqfOtVVZbb5dAWYRDuFX7R1BUraO8Rl-88xPKDgVlz02TG9N4P4UTzdEqK1jqeOC-nq34ai2e6sfhaOuXCzXlEBZ0k-51XhJpQN8aRma0mjrYe44wUj_O_M9AfQoxkRoyojmIHj721gh3ao_S4jg_nxPOTj5eTPfomMrTEMNB10jiHuodvVSvYlThR34jTHd4D5eaHVBvxogmrQ.iHwP1EsVmP3j9SkjEqcMtnrZ1rCI3rghUWk72L_uaE0&dib_tag=se&keywords=samsung%2Bphone&qid=1781450916&th=1
Samsung Galaxy A37 5G Ai (US & Global) (Not for Xfinity) (256GB + 8GB) Version Latina NFC Unlocked SM-A376B/DS 6.7 120Hz 50MP Triple (Dark Green SM-A376BDGKGTO),,Samsung,Android 16,8 GB,,,,https://www.amazon.com/Samsung-Xfinity-Unlocked-SM-A376B-SM-A376BDGKGTO/dp/B0GWRMNN56/ref=sr_1_155?dib=eyJ2IjoiMSJ9.NjDZHLBbf_H19ARszY1YBkC_9iLMjqfOtVVZbb5dAWYRDuFX7R1BUraO8Rl-88xPKDgVlz02TG9N4P4UTzdEqK1jqeOC-nq34ai2e6sfhaOuXCzXlEBZ0k-51XhJpQN8aRma0mjrYe44wUj_O_M9AfQoxkRoyojmIHj721gh3ao_S4jg_nxPOTj5eTPfomMrTEMNB10jiHuodvVSvYlThR34jTHd4D5eaHVBvxogmrQ.iHwP1EsVmP3j9SkjEqcMtnrZ1rCI3rghUWk72L_uaE0&dib_tag=se&keywords=samsung%2Bphone&qid=1781450916&th=1
Samsung Galaxy A15 5G A Series Cell Phone AMOLED Display Expandable Storage Knox Security US Version 2024 Blue Black 64GB for T-Mobile only (64 GB),,Samsung,Android,4 GB,1.2GHz Cortex A8 Processor,1.2 GHz,(30),https://www.amazon.com/SAMSUNG-Display-Expandable-Security-T-Mobile/dp/B0DRPR5QGR/ref=sr_1_154?dib=eyJ2IjoiMSJ9.NjDZHLBbf_H19ARszY1YBkC_9iLMjqfOtVVZbb5dAWYRDuFX7R1BUraO8Rl-88xPKDgVlz02TG9N4P4UTzdEqK1jqeOC-nq34ai2e6sfhaOuXCzXlEBZ0k-51XhJpQN8aRma0mjrYe44wUj_O_M9AfQoxkRoyojmIHj721gh3ao_S4jg_nxPOTj5eTPfomMrTEMNB10jiHuodvVSvYlThR34jTHd4D5eaHVBvxogmrQ.iHwP1EsVmP3j9SkjEqcMtnrZ1rCI3rghUWk72L_uaE0&dib_tag=se&keywords=samsung+phone&qid=1781450916
Samsung Galaxy Z Fold 5 5G US Version 256GB ICY Blue - Unlocked (Renewed),,Samsung,Android,12 GB,Snapdragon,3.2 GHz,(63),https://www.amazon.com/Galaxy-Z-Fold5-256GB-Unlocked/dp/B0CYR5WDSG/ref=sr_1_153?dib=eyJ2IjoiMSJ9.NjDZHLBbf_H19ARszY1YBkC_9iLMjqfOtVVZbb5dAWYRDuFX7R1BUraO8Rl-88xPKDgVlz02TG9N4P4UTzdEqK1jqeOC-nq34ai2e6sfhaOuXCzXlEBZ0k-51XhJpQN8aRma0mjrYe44wUj_O_M9AfQoxkRoyojmIHj721gh3ao_S4jg_nxPOTj5eTPfomMrTEMNB10jiHuodvVSvYlThR34jTHd4D5eaHVBvxogmrQ.iHwP1EsVmP3j9SkjEqcMtnrZ1rCI3rghUWk72L_uaE0&dib_tag=se&keywords=samsung+phone&qid=1781450916
Samsung Galaxy S23+ Plus 5G 512GB Cream - Unlocked (Renewed),,Samsung,Android,8 GB,Snapdragon,2.8 GHz,(34),https://www.amazon.com/SAMSUNG-Galaxy-S23-Factory-Unlocked/dp/B0C7D4BN1K/ref=sr_1_152?dib=eyJ2IjoiMSJ9.NjDZHLBbf_H19ARszY1YBkC_9iLMjqfOtVVZbb5dAWYRDuFX7R1BUraO8Rl-88xPKDgVlz02TG9N4P4UTzdEqK1jqeOC-nq34ai2e6sfhaOuXCzXlEBZ0k-51XhJpQN8aRma0mjrYe44wUj_O_M9AfQoxkRoyojmIHj721gh3ao_S4jg_nxPOTj5eTPfomMrTEMNB10jiHuodvVSvYlThR34jTHd4D5eaHVBvxogmrQ.iHwP1EsVmP3j9SkjEqcMtnrZ1rCI3rghUWk72L_uaE0&dib_tag=se&keywords=samsung+phone&qid=1781450916
Samsung Galaxy S24+ Plus Cell Phone 256GB AI Smartphone Unlocked Android 50MP Camera Fast Processor Long Battery Life AMOLED Display US Version 2024 Cobalt Violet,,Samsung,"Android 14, One UI 6.1",12 GB,Snapdragon,3.36E+3 MHz,(1311),https://www.amazon.com/Samsung-Smartphone-Unlocked-Android-Processor/dp/B0CMDR2X3M/ref=sr_1_151?dib=eyJ2IjoiMSJ9.NjDZHLBbf_H19ARszY1YBkC_9iLMjqfOtVVZbb5dAWYRDuFX7R1BUraO8Rl-88xPKDgVlz02TG9N4P4UTzdEqK1jqeOC-nq34ai2e6sfhaOuXCzXlEBZ0k-51XhJpQN8aRma0mjrYe44wUj_O_M9AfQoxkRoyojmIHj721gh3ao_S4jg_nxPOTj5eTPfomMrTEMNB10jiHuodvVSvYlThR34jTHd4D5eaHVBvxogmrQ.iHwP1EsVmP3j9SkjEqcMtnrZ1rCI3rghUWk72L_uaE0&dib_tag=se&keywords=samsung%2Bphone&qid=1781450916&th=1
Samsung Galaxy Z Fold 5 5G US Version 256GB Cream - Unlocked (Renewed),,Samsung,Android,12 GB,Snapdragon,3.36 GHz,(25),https://www.amazon.com/Galaxy-Z-Fold5-256GB-Unlocked/dp/B0CYR1WLZQ/ref=sr_1_150?dib=eyJ2IjoiMSJ9.NjDZHLBbf_H19ARszY1YBkC_9iLMjqfOtVVZbb5dAWYRDuFX7R1BUraO8Rl-88xPKDgVlz02TG9N4P4UTzdEqK1jqeOC-nq34ai2e6sfhaOuXCzXlEBZ0k-51XhJpQN8aRma0mjrYe44wUj_O_M9AfQoxkRoyojmIHj721gh3ao_S4jg_nxPOTj5eTPfomMrTEMNB10jiHuodvVSvYlThR34jTHd4D5eaHVBvxogmrQ.iHwP1EsVmP3j9SkjEqcMtnrZ1rCI3rghUWk72L_uaE0&dib_tag=se&keywords=samsung+phone&qid=1781450916
Samsung Galaxy A15 5G 64GB Blue Black - Locked to T-Mobile (Renewed),,Samsung,Android,4 GB,Mediatek Dimensity 6300,2.2 GHz,(17),https://www.amazon.com/Samsung-A15-Expandable-Security-T-Mobile/dp/B0FHCSFMY4/ref=sr_1_149?dib=eyJ2IjoiMSJ9.NjDZHLBbf_H19ARszY1YBkC_9iLMjqfOtVVZbb5dAWYRDuFX7R1BUraO8Rl-88xPKDgVlz02TG9N4P4UTzdEqK1jqeOC-nq34ai2e6sfhaOuXCzXlEBZ0k-51XhJpQN8aRma0mjrYe44wUj_O_M9AfQoxkRoyojmIHj721gh3ao_S4jg_nxPOTj5eTPfomMrTEMNB10jiHuodvVSvYlThR34jTHd4D5eaHVBvxogmrQ.iHwP1EsVmP3j9SkjEqcMtnrZ1rCI3rghUWk72L_uaE0&dib_tag=se&keywords=samsung%2Bphone&qid=1781450916&th=1
Verizon Prepaid Samsung Galaxy A17 5G 128GB Black - Prepaid Smartphone (Locked to Verizon Prepaid) - 6.7 Super AMOLED 90Hz Display 50MP Triple Camera with OIS Android 16,,Verizon,Android 16,4 GB,,2.4 GHz,(17),https://www.amazon.com/Verizon-Prepaid-Samsung-Galaxy-128GB/dp/B0GJFW92WN/ref=sr_1_148?dib=eyJ2IjoiMSJ9.NjDZHLBbf_H19ARszY1YBkC_9iLMjqfOtVVZbb5dAWYRDuFX7R1BUraO8Rl-88xPKDgVlz02TG9N4P4UTzdEqK1jqeOC-nq34ai2e6sfhaOuXCzXlEBZ0k-51XhJpQN8aRma0mjrYe44wUj_O_M9AfQoxkRoyojmIHj721gh3ao_S4jg_nxPOTj5eTPfomMrTEMNB10jiHuodvVSvYlThR34jTHd4D5eaHVBvxogmrQ.iHwP1EsVmP3j9SkjEqcMtnrZ1rCI3rghUWk72L_uaE0&dib_tag=se&keywords=samsung+phone&qid=1781450916
Samsung Galaxy A14 5G 64GB + 4GB RAM Black - Locked to AT&T (Renewed),,Samsung,Android,4 GB,Mediatek Dimensity 900,2.2 GHz,(52),https://www.amazon.com/Samsung-Galaxy-A14-64GB-Black/dp/B0F9D3KQW2/ref=sr_1_147?dib=eyJ2IjoiMSJ9.NjDZHLBbf_H19ARszY1YBkC_9iLMjqfOtVVZbb5dAWYRDuFX7R1BUraO8Rl-88xPKDgVlz02TG9N4P4UTzdEqK1jqeOC-nq34ai2e6sfhaOuXCzXlEBZ0k-51XhJpQN8aRma0mjrYe44wUj_O_M9AfQoxkRoyojmIHj721gh3ao_S4jg_nxPOTj5eTPfomMrTEMNB10jiHuodvVSvYlThR34jTHd4D5eaHVBvxogmrQ.iHwP1EsVmP3j9SkjEqcMtnrZ1rCI3rghUWk72L_uaE0&dib_tag=se&keywords=samsung%2Bphone&qid=1781450916&th=1
Samsung PRO Plus microSD Memory Card + Adapter 1TB MicroSDXC Up to 180 MB/s Full HD & 4K UHD UHS-I C10 U3 V30 A2 for Android Phones Tablets GoPRO DJI Drone MB-MD1T0SA/AM 2024,,Samsung,,,,,(13391),https://www.amazon.com/SAMSUNG-microSD-MicroSDXC-MB-MD1T0SA-AM/dp/B0CWPNS8JY/ref=sr_1_146?dib=eyJ2IjoiMSJ9.NjDZHLBbf_H19ARszY1YBkC_9iLMjqfOtVVZbb5dAWYRDuFX7R1BUraO8Rl-88xPKDgVlz02TG9N4P4UTzdEqK1jqeOC-nq34ai2e6sfhaOuXCzXlEBZ0k-51XhJpQN8aRma0mjrYe44wUj_O_M9AfQoxkRoyojmIHj721gh3ao_S4jg_nxPOTj5eTPfomMrTEMNB10jiHuodvVSvYlThR34jTHd4D5eaHVBvxogmrQ.iHwP1EsVmP3j9SkjEqcMtnrZ1rCI3rghUWk72L_uaE0&dib_tag=se&keywords=samsung%2Bphone&qid=1781450916&th=1
Samsung Galaxy A51 128GB + 6GB RAM Black - Unlocked (Renewed),,Samsung,Android 10.0,6 GB,Snapdragon,2.3 GHz,(1006),https://www.amazon.com/Samsung-Galaxy-Unlocked-Black-Renewed/dp/B09598JR5G/ref=sr_1_145?dib=eyJ2IjoiMSJ9.NjDZHLBbf_H19ARszY1YBkC_9iLMjqfOtVVZbb5dAWYRDuFX7R1BUraO8Rl-88xPKDgVlz02TG9N4P4UTzdEqK1jqeOC-nq34ai2e6sfhaOuXCzXlEBZ0k-51XhJpQN8aRma0mjrYe44wUj_O_M9AfQoxkRoyojmIHj721gh3ao_S4jg_nxPOTj5eTPfomMrTEMNB10jiHuodvVSvYlThR34jTHd4D5eaHVBvxogmrQ.iHwP1EsVmP3j9SkjEqcMtnrZ1rCI3rghUWk72L_uaE0&dib_tag=se&keywords=samsung%2Bphone&qid=1781450916&th=1
SAMSUNG Galaxy A56 5G Ai (for Tmobile Mint Tello & Global) (256GB + 12GB) Version Latina Unlocked SM-A566E/DS 6.6 120Hz 50MP Triple (Awesome Graphite SM-A566EZADTPA),,Samsung,Android,12 GB,1.2GHz Cortex A13 Processor,5 GHz,(239),https://www.amazon.com/SAMSUNG-Unlocked-SM-A566E-DS-SM-A566EZADTPA/dp/B0F1DRYXKF/ref=sr_1_144?dib=eyJ2IjoiMSJ9.mn0RFW8CDcZ6tgBAex8OaNzmV7w_2DlhjX6VuCGUhrZ4LZiUBoWKbg5vsj76zsBCx7DSLEkgcy_HgsabkkTeIzlQyDYUfE2HI1FQCJxRSP_lgnB0WNFh8wUYiOuMwX1yCC972ek3LJXHw2VVJa7Y_-gRPsIoXcTUqmabl8zNH1EsR-ubdh4mVyaqKNgSwYjZaShIctMBxrdRsiDCl_PwzrfQWGENVkb1aKCzYx647UA.JHNE8xAoFBKAbxyo2ojusEnarrr9lzZgBTheNmV1kAs&dib_tag=se&keywords=samsung%2Bphone&qid=1781450912&th=1
Samsung Galaxy A36 5G 2025 | 128GB Dual SIM | 6.7 120Hz AMOLED IP67 Water Resistant Android 15 | International Model Factory Unlocked for T-Mobile & Global | 25W Fast Charger Bundle (White),,Samsung,Android 15,,,,(9),https://www.amazon.com/SAMSUNG-Resistant-International-Unlocked-T-Mobile/dp/B0F498M64T/ref=sr_1_143?dib=eyJ2IjoiMSJ9.mn0RFW8CDcZ6tgBAex8OaNzmV7w_2DlhjX6VuCGUhrZ4LZiUBoWKbg5vsj76zsBCx7DSLEkgcy_HgsabkkTeIzlQyDYUfE2HI1FQCJxRSP_lgnB0WNFh8wUYiOuMwX1yCC972ek3LJXHw2VVJa7Y_-gRPsIoXcTUqmabl8zNH1EsR-ubdh4mVyaqKNgSwYjZaShIctMBxrdRsiDCl_PwzrfQWGENVkb1aKCzYx647UA.JHNE8xAoFBKAbxyo2ojusEnarrr9lzZgBTheNmV1kAs&dib_tag=se&keywords=samsung+phone&qid=1781450912
SAMSUNG Galaxy FIT 3 [2024] 1.6 AMOLED Display | 14 Days Battery Life | 100+ Watchfaces | 100+ Exercise Modes | International Model - (Gray),,,Android,,,,(5652),https://www.amazon.com/SAMSUNG-Display-Watchfaces-Exercise-International/dp/B0CW3VWC3X/ref=sr_1_142?dib=eyJ2IjoiMSJ9.mn0RFW8CDcZ6tgBAex8OaNzmV7w_2DlhjX6VuCGUhrZ4LZiUBoWKbg5vsj76zsBCx7DSLEkgcy_HgsabkkTeIzlQyDYUfE2HI1FQCJxRSP_lgnB0WNFh8wUYiOuMwX1yCC972ek3LJXHw2VVJa7Y_-gRPsIoXcTUqmabl8zNH1EsR-ubdh4mVyaqKNgSwYjZaShIctMBxrdRsiDCl_PwzrfQWGENVkb1aKCzYx647UA.JHNE8xAoFBKAbxyo2ojusEnarrr9lzZgBTheNmV1kAs&dib_tag=se&keywords=samsung%2Bphone&qid=1781450912&th=1
Samsung Galaxy Z Fold 5 5G US Version 256GB Phantom Black - Unlocked (Renewed),,Samsung,Android,12 GB,Snapdragon,3.36 GHz,(104),https://www.amazon.com/Galaxy-Z-Fold5-256GB-Unlocked/dp/B0CYR8P77J/ref=sr_1_141?dib=eyJ2IjoiMSJ9.mn0RFW8CDcZ6tgBAex8OaNzmV7w_2DlhjX6VuCGUhrZ4LZiUBoWKbg5vsj76zsBCx7DSLEkgcy_HgsabkkTeIzlQyDYUfE2HI1FQCJxRSP_lgnB0WNFh8wUYiOuMwX1yCC972ek3LJXHw2VVJa7Y_-gRPsIoXcTUqmabl8zNH1EsR-ubdh4mVyaqKNgSwYjZaShIctMBxrdRsiDCl_PwzrfQWGENVkb1aKCzYx647UA.JHNE8xAoFBKAbxyo2ojusEnarrr9lzZgBTheNmV1kAs&dib_tag=se&keywords=samsung+phone&qid=1781450912
Samsung Galaxy Watch 7 40mm Bluetooth AI Smartwatch w/Energy Score Wellness Tips Heart Rate Tracking Sleep Monitor Fitness Tracker 2024 Cream [US Version 1Yr Manufacturer Warranty],,,Proprietary OS,,,,(7476),https://www.amazon.com/SAMSUNG-Bluetooth-Smartwatch-Wellness-Manufacturer/dp/B0D1YNVD88/ref=sr_1_140?dib=eyJ2IjoiMSJ9.mn0RFW8CDcZ6tgBAex8OaNzmV7w_2DlhjX6VuCGUhrZ4LZiUBoWKbg5vsj76zsBCx7DSLEkgcy_HgsabkkTeIzlQyDYUfE2HI1FQCJxRSP_lgnB0WNFh8wUYiOuMwX1yCC972ek3LJXHw2VVJa7Y_-gRPsIoXcTUqmabl8zNH1EsR-ubdh4mVyaqKNgSwYjZaShIctMBxrdRsiDCl_PwzrfQWGENVkb1aKCzYx647UA.JHNE8xAoFBKAbxyo2ojusEnarrr9lzZgBTheNmV1kAs&dib_tag=se&keywords=samsung%2Bphone&qid=1781450912&th=1
Samsung Galaxy A07 4G Ai (Compatible only with T-Mobile Mint Tello & Global) (64GB + 4GB) Unlocked SM-A075/DS Dual Sim Warranty Latin America 6.7 50MP Dual Cam (Violet SM-A075MLVGGTO),,Samsung,android,4 GB,,,(97),https://www.amazon.com/Samsung-Compatible-T-Mobile-Unlocked-SM-A075MLVGGTO/dp/B0FQZRTXNF/ref=sr_1_139?dib=eyJ2IjoiMSJ9.mn0RFW8CDcZ6tgBAex8OaNzmV7w_2DlhjX6VuCGUhrZ4LZiUBoWKbg5vsj76zsBCx7DSLEkgcy_HgsabkkTeIzlQyDYUfE2HI1FQCJxRSP_lgnB0WNFh8wUYiOuMwX1yCC972ek3LJXHw2VVJa7Y_-gRPsIoXcTUqmabl8zNH1EsR-ubdh4mVyaqKNgSwYjZaShIctMBxrdRsiDCl_PwzrfQWGENVkb1aKCzYx647UA.JHNE8xAoFBKAbxyo2ojusEnarrr9lzZgBTheNmV1kAs&dib_tag=se&keywords=samsung%2Bphone&qid=1781450912&th=1
Samsung Galaxy A15 5G (64GB 2024) 6.5 90Hz AMOLED 50MP Camera 4G Volte (Fully Unlocked International Model for AT&T T-Mobile Verizon Global) A156U (Blue Black) | 6.5 90Hz AMOLED,,Samsung,Android 14,4 GB,Mediatek Dimensity 6100 Plus,2 GHz,(387),https://www.amazon.com/Samsung-Unlocked-International-T-Mobile-Verizon/dp/B0FKNRD1XD/ref=sr_1_138?dib=eyJ2IjoiMSJ9.mn0RFW8CDcZ6tgBAex8OaNzmV7w_2DlhjX6VuCGUhrZ4LZiUBoWKbg5vsj76zsBCx7DSLEkgcy_HgsabkkTeIzlQyDYUfE2HI1FQCJxRSP_lgnB0WNFh8wUYiOuMwX1yCC972ek3LJXHw2VVJa7Y_-gRPsIoXcTUqmabl8zNH1EsR-ubdh4mVyaqKNgSwYjZaShIctMBxrdRsiDCl_PwzrfQWGENVkb1aKCzYx647UA.JHNE8xAoFBKAbxyo2ojusEnarrr9lzZgBTheNmV1kAs&dib_tag=se&keywords=samsung%2Bphone&qid=1781450912&th=1
Samsung Galaxy A51 128GB + 6GB RAM Black - Unlocked (Renewed),,Samsung,Android 10.0,4 GB,1.2GHz Cortex A9 Processor,1.7 GHz,(1747),https://www.amazon.com/Samsung-A51-128GB-A515U-Unlocked/dp/B08H8DH3RM/ref=sr_1_137?dib=eyJ2IjoiMSJ9.mn0RFW8CDcZ6tgBAex8OaNzmV7w_2DlhjX6VuCGUhrZ4LZiUBoWKbg5vsj76zsBCx7DSLEkgcy_HgsabkkTeIzlQyDYUfE2HI1FQCJxRSP_lgnB0WNFh8wUYiOuMwX1yCC972ek3LJXHw2VVJa7Y_-gRPsIoXcTUqmabl8zNH1EsR-ubdh4mVyaqKNgSwYjZaShIctMBxrdRsiDCl_PwzrfQWGENVkb1aKCzYx647UA.JHNE8xAoFBKAbxyo2ojusEnarrr9lzZgBTheNmV1kAs&dib_tag=se&keywords=samsung+phone&qid=1781450912
Samsung Galaxy Note 20 128GB + 6GB RAM Mystic Green - Unlocked (Renewed),,Samsung,Android 10.0,8 GB,Snapdragon,,(934),https://www.amazon.com/Samsung-Galaxy-Unlocked-Mystic-Renewed/dp/B093ZCPS14/ref=sr_1_136?dib=eyJ2IjoiMSJ9.mn0RFW8CDcZ6tgBAex8OaNzmV7w_2DlhjX6VuCGUhrZ4LZiUBoWKbg5vsj76zsBCx7DSLEkgcy_HgsabkkTeIzlQyDYUfE2HI1FQCJxRSP_lgnB0WNFh8wUYiOuMwX1yCC972ek3LJXHw2VVJa7Y_-gRPsIoXcTUqmabl8zNH1EsR-ubdh4mVyaqKNgSwYjZaShIctMBxrdRsiDCl_PwzrfQWGENVkb1aKCzYx647UA.JHNE8xAoFBKAbxyo2ojusEnarrr9lzZgBTheNmV1kAs&dib_tag=se&keywords=samsung%2Bphone&qid=1781450912&th=1
Samsung Galaxy S22+ Plus 5G US Version 128GB Green - Unlocked (Renewed),,Samsung,Android 12.0,8 GB,Snapdragon,2.5 GHz,(510),https://www.amazon.com/SAMSUNG-Galaxy-S22-Version-128GB/dp/B09W3PK64J/ref=sr_1_135?dib=eyJ2IjoiMSJ9.mn0RFW8CDcZ6tgBAex8OaNzmV7w_2DlhjX6VuCGUhrZ4LZiUBoWKbg5vsj76zsBCx7DSLEkgcy_HgsabkkTeIzlQyDYUfE2HI1FQCJxRSP_lgnB0WNFh8wUYiOuMwX1yCC972ek3LJXHw2VVJa7Y_-gRPsIoXcTUqmabl8zNH1EsR-ubdh4mVyaqKNgSwYjZaShIctMBxrdRsiDCl_PwzrfQWGENVkb1aKCzYx647UA.JHNE8xAoFBKAbxyo2ojusEnarrr9lzZgBTheNmV1kAs&dib_tag=se&keywords=samsung+phone&qid=1781450912
Samsung Galaxy A17 4G Ai (128GB + 4GB) Unlocked (Compatible only with T-Mobile Mint Tello & Global) SM-A175F/DS Dual Sim Warranty Latin America 6.7 50MP Triple (Light Blue SM-A175FLBFGTO),,Samsung,android,,MediaTek Helio,2.2 GHz,(29),https://www.amazon.com/Samsung-Compatible-SM-A175F-DS-SM-A175FLBFGTO/dp/B0FRN7T6R2/ref=sr_1_134?dib=eyJ2IjoiMSJ9.mn0RFW8CDcZ6tgBAex8OaNzmV7w_2DlhjX6VuCGUhrZ4LZiUBoWKbg5vsj76zsBCx7DSLEkgcy_HgsabkkTeIzlQyDYUfE2HI1FQCJxRSP_lgnB0WNFh8wUYiOuMwX1yCC972ek3LJXHw2VVJa7Y_-gRPsIoXcTUqmabl8zNH1EsR-ubdh4mVyaqKNgSwYjZaShIctMBxrdRsiDCl_PwzrfQWGENVkb1aKCzYx647UA.JHNE8xAoFBKAbxyo2ojusEnarrr9lzZgBTheNmV1kAs&dib_tag=se&keywords=samsung%2Bphone&qid=1781450912&th=1
Samsung Galaxy A26 5G 2025 with AI | 256GB 8GB Dual SIM | 6.7 120Hz AMOLED IP67 Water Resistant Android 15 | International Model Factory Unlocked for T-Mobile Global |Case Bundle (Black),,Samsung,Android 15,8 GB,Exynos 1280,2.4 GHz,(13),https://www.amazon.com/Samsung-Resistant-International-Unlocked-T-Mobile/dp/B0GMK786XS/ref=sr_1_133?dib=eyJ2IjoiMSJ9.mn0RFW8CDcZ6tgBAex8OaNzmV7w_2DlhjX6VuCGUhrZ4LZiUBoWKbg5vsj76zsBCx7DSLEkgcy_HgsabkkTeIzlQyDYUfE2HI1FQCJxRSP_lgnB0WNFh8wUYiOuMwX1yCC972ek3LJXHw2VVJa7Y_-gRPsIoXcTUqmabl8zNH1EsR-ubdh4mVyaqKNgSwYjZaShIctMBxrdRsiDCl_PwzrfQWGENVkb1aKCzYx647UA.JHNE8xAoFBKAbxyo2ojusEnarrr9lzZgBTheNmV1kAs&dib_tag=se&keywords=samsung%2Bphone&qid=1781450912&th=1
Tracfone Samsung Galaxy A16 5G 128GB 50MP Triple Camera Android Smartphone 6.5 FHD+ Super AMOLED 90Hz Display Long-Lasting Battery - Locked to Tracfone - Awesome Black,,Tracfone,Android 14,4 GB,,,(183),https://www.amazon.com/Samsung-TFSAS166VCPWP-Processor-Tracfone-Smartphone/dp/B0F6KPL6J5/ref=sr_1_132?dib=eyJ2IjoiMSJ9.mn0RFW8CDcZ6tgBAex8OaNzmV7w_2DlhjX6VuCGUhrZ4LZiUBoWKbg5vsj76zsBCx7DSLEkgcy_HgsabkkTeIzlQyDYUfE2HI1FQCJxRSP_lgnB0WNFh8wUYiOuMwX1yCC972ek3LJXHw2VVJa7Y_-gRPsIoXcTUqmabl8zNH1EsR-ubdh4mVyaqKNgSwYjZaShIctMBxrdRsiDCl_PwzrfQWGENVkb1aKCzYx647UA.JHNE8xAoFBKAbxyo2ojusEnarrr9lzZgBTheNmV1kAs&dib_tag=se&keywords=samsung+phone&qid=1781450912
Samsung Galaxy A36 5G 2025 | 256GB Dual SIM | 6.7 120Hz AMOLED IP67 Water Resistant Android 15 | International Model Factory Unlocked for T-Mobile & Global | 25W Fast Charger Bundle (White),,Samsung,Android 15,8 GB,1.2GHz Cortex A13 Processor,4 GHz,(55),https://www.amazon.com/SAMSUNG-Resistant-International-Unlocked-T-Mobile/dp/B0F499JKLT/ref=sr_1_131?dib=eyJ2IjoiMSJ9.mn0RFW8CDcZ6tgBAex8OaNzmV7w_2DlhjX6VuCGUhrZ4LZiUBoWKbg5vsj76zsBCx7DSLEkgcy_HgsabkkTeIzlQyDYUfE2HI1FQCJxRSP_lgnB0WNFh8wUYiOuMwX1yCC972ek3LJXHw2VVJa7Y_-gRPsIoXcTUqmabl8zNH1EsR-ubdh4mVyaqKNgSwYjZaShIctMBxrdRsiDCl_PwzrfQWGENVkb1aKCzYx647UA.JHNE8xAoFBKAbxyo2ojusEnarrr9lzZgBTheNmV1kAs&dib_tag=se&keywords=samsung+phone&qid=1781450912
Samsung Galaxy Buds 4 (2026) AI True Wireless Bluetooth Earbuds Noise Cancelling Hi-Res Audio 1-Way Speaker New Fit IP54 Live Translation Black [US Version 2 Yr Warranty],,Samsung,,,,,(359),https://www.amazon.com/Samsung-Wireless-Bluetooth-Cancelling-Translation/dp/B0G1PCTTH6/ref=sr_1_130?dib=eyJ2IjoiMSJ9.mn0RFW8CDcZ6tgBAex8OaNzmV7w_2DlhjX6VuCGUhrZ4LZiUBoWKbg5vsj76zsBCx7DSLEkgcy_HgsabkkTeIzlQyDYUfE2HI1FQCJxRSP_lgnB0WNFh8wUYiOuMwX1yCC972ek3LJXHw2VVJa7Y_-gRPsIoXcTUqmabl8zNH1EsR-ubdh4mVyaqKNgSwYjZaShIctMBxrdRsiDCl_PwzrfQWGENVkb1aKCzYx647UA.JHNE8xAoFBKAbxyo2ojusEnarrr9lzZgBTheNmV1kAs&dib_tag=se&keywords=samsung%2Bphone&qid=1781450912&th=1
Samsung Galaxy S10e 128GB Prism Black - Unlocked (Renewed) | Renewed,,Samsung,Android 9.0,6 GB,Snapdragon 855,2.84 GHz,(315),https://www.amazon.com/Generic-Samsung-Galaxy-Unlocked-Renewed/dp/B0CY3NBVN1/ref=sr_1_129?dib=eyJ2IjoiMSJ9.mn0RFW8CDcZ6tgBAex8OaNzmV7w_2DlhjX6VuCGUhrZ4LZiUBoWKbg5vsj76zsBCx7DSLEkgcy_HgsabkkTeIzlQyDYUfE2HI1FQCJxRSP_lgnB0WNFh8wUYiOuMwX1yCC972ek3LJXHw2VVJa7Y_-gRPsIoXcTUqmabl8zNH1EsR-ubdh4mVyaqKNgSwYjZaShIctMBxrdRsiDCl_PwzrfQWGENVkb1aKCzYx647UA.JHNE8xAoFBKAbxyo2ojusEnarrr9lzZgBTheNmV1kAs&dib_tag=se&keywords=samsung+phone&qid=1781450912
Samsung Type-C USB Flash Drive 256GB Transfers 4GB Files in 11 Secs w/Up to 400MB/s USB 3.2 Gen 1 Read Speeds Compatible w/USB 3.0/2.0 Waterproof 2022 Blue MUF-256DA/AM,,Samsung,,,,,(17494),https://www.amazon.com/SAMSUNG-Type-CTM-Transfers-Compatible-Waterproof/dp/B09WB2NL8W/ref=sr_1_128?dib=eyJ2IjoiMSJ9.X_D3Zqb1tV_TKH_I9JBOnSeEZ4B-YUxpQB7PS3GpnRw0kzlYD5adq9fMYd6gc5-YUfhbAsDRtaEvy_Yn7YlAecM-QtcjpZFbw-4Mth22FgCNVlNF5CprWWJU09ofVAJAfqXqvqdLA-EG7hzjDvXWRpxrkV0iIh5s92cSKXDavorNaDpmfugo1-V1qm8apq1HmKGtFeigT4PRTKTcRN3Bdi7TE2MvBVmoRJoaOK1VV_U.7vHEJVuxd6-oTUmXIV8mloShPwGoU2XxyfJ0EtIqEvc&dib_tag=se&keywords=samsung%2Bphone&qid=1781450907&th=1
SAMSUNG Galaxy Buds 3 FE (2025) True Wireless Bluetooth Earbuds Active Noise Cancellation Powerful Sound Clear Calls Long Lasting Battery Hands Free AI Black [US Version 2 Year Warranty],,Samsung,,,,,(792),https://www.amazon.com/Wireless-Bluetooth-Cancellation-Powerful-Warranty/dp/B0FGYDF3DD/ref=sr_1_127?dib=eyJ2IjoiMSJ9.X_D3Zqb1tV_TKH_I9JBOnSeEZ4B-YUxpQB7PS3GpnRw0kzlYD5adq9fMYd6gc5-YUfhbAsDRtaEvy_Yn7YlAecM-QtcjpZFbw-4Mth22FgCNVlNF5CprWWJU09ofVAJAfqXqvqdLA-EG7hzjDvXWRpxrkV0iIh5s92cSKXDavorNaDpmfugo1-V1qm8apq1HmKGtFeigT4PRTKTcRN3Bdi7TE2MvBVmoRJoaOK1VV_U.7vHEJVuxd6-oTUmXIV8mloShPwGoU2XxyfJ0EtIqEvc&dib_tag=se&keywords=samsung%2Bphone&qid=1781450907&th=1
SAMSUNG Galaxy S22 128 GB Green (Renewed),,Samsung,Android 12.0,8 GB,Snapdragon,2.5 GHz,(731),https://www.amazon.com/SAMSUNG-Galaxy-S22-128-Green/dp/B09V1NGFN4/ref=sr_1_126?dib=eyJ2IjoiMSJ9.X_D3Zqb1tV_TKH_I9JBOnSeEZ4B-YUxpQB7PS3GpnRw0kzlYD5adq9fMYd6gc5-YUfhbAsDRtaEvy_Yn7YlAecM-QtcjpZFbw-4Mth22FgCNVlNF5CprWWJU09ofVAJAfqXqvqdLA-EG7hzjDvXWRpxrkV0iIh5s92cSKXDavorNaDpmfugo1-V1qm8apq1HmKGtFeigT4PRTKTcRN3Bdi7TE2MvBVmoRJoaOK1VV_U.7vHEJVuxd6-oTUmXIV8mloShPwGoU2XxyfJ0EtIqEvc&dib_tag=se&keywords=samsung+phone&qid=1781450907
Samsung Galaxy S25 Ultra Cell Phone 1TB AI Smartphone Unlocked Android AI Camera Fast Processor Long Battery Life 2025 Titanium Silverblue (Titanium Gray),,Samsung,Android,,,,,https://www.amazon.com/Samsung-Smartphone-Unlocked-Processor-Silverblue/dp/B0H3M5D954/ref=sr_1_125?dib=eyJ2IjoiMSJ9.X_D3Zqb1tV_TKH_I9JBOnSeEZ4B-YUxpQB7PS3GpnRw0kzlYD5adq9fMYd6gc5-YUfhbAsDRtaEvy_Yn7YlAecM-QtcjpZFbw-4Mth22FgCNVlNF5CprWWJU09ofVAJAfqXqvqdLA-EG7hzjDvXWRpxrkV0iIh5s92cSKXDavorNaDpmfugo1-V1qm8apq1HmKGtFeigT4PRTKTcRN3Bdi7TE2MvBVmoRJoaOK1VV_U.7vHEJVuxd6-oTUmXIV8mloShPwGoU2XxyfJ0EtIqEvc&dib_tag=se&keywords=samsung%2Bphone&qid=1781450907&th=1
Samsung Galaxy Z Fold 5 5G US Version 512GB Cream - Unlocked (Renewed),,Samsung,Android,12 GB,Snapdragon,3.36 GHz,(42),https://www.amazon.com/Samsung-Galaxy-Version-512GB-Cream/dp/B0CK5TN29F/ref=sr_1_124?dib=eyJ2IjoiMSJ9.X_D3Zqb1tV_TKH_I9JBOnSeEZ4B-YUxpQB7PS3GpnRw0kzlYD5adq9fMYd6gc5-YUfhbAsDRtaEvy_Yn7YlAecM-QtcjpZFbw-4Mth22FgCNVlNF5CprWWJU09ofVAJAfqXqvqdLA-EG7hzjDvXWRpxrkV0iIh5s92cSKXDavorNaDpmfugo1-V1qm8apq1HmKGtFeigT4PRTKTcRN3Bdi7TE2MvBVmoRJoaOK1VV_U.7vHEJVuxd6-oTUmXIV8mloShPwGoU2XxyfJ0EtIqEvc&dib_tag=se&keywords=samsung+phone&qid=1781450907
Samsung Galaxy S25 FE Dual-SIM (eSIM+pSIM) Cell Phone (2025) AI Smartphone GSM Unlocked Large Display 4900mAh Battery High Res-Camera AI Photo Edits LATAM Stock SM-S731BLBPGTO (Icy Blue 512GB),,Samsung,"Android 16.0, OneUI 8",8 GB,Exynos 2400 S5E9945,3.2 GHz,(18),https://www.amazon.com/Samsung-Galaxy-S25-Smartphone-SM-S731BLBPGTO/dp/B0FX3B2GNB/ref=sr_1_123?dib=eyJ2IjoiMSJ9.X_D3Zqb1tV_TKH_I9JBOnSeEZ4B-YUxpQB7PS3GpnRw0kzlYD5adq9fMYd6gc5-YUfhbAsDRtaEvy_Yn7YlAecM-QtcjpZFbw-4Mth22FgCNVlNF5CprWWJU09ofVAJAfqXqvqdLA-EG7hzjDvXWRpxrkV0iIh5s92cSKXDavorNaDpmfugo1-V1qm8apq1HmKGtFeigT4PRTKTcRN3Bdi7TE2MvBVmoRJoaOK1VV_U.7vHEJVuxd6-oTUmXIV8mloShPwGoU2XxyfJ0EtIqEvc&dib_tag=se&keywords=samsung%2Bphone&qid=1781450907&th=1
Samsung Galaxy Buds Core SM-R410 (2025) | Latin American Stock | Bluetooth 5.4 | Active Noise Cancelation | up to 35h Continuous Music Playblack - (Black),,Samsung,,,,,(1016),https://www.amazon.com/Samsung-Bluetooth-Cancelation-Continuous-Playblack/dp/B0FNRXZV67/ref=sr_1_122?dib=eyJ2IjoiMSJ9.X_D3Zqb1tV_TKH_I9JBOnSeEZ4B-YUxpQB7PS3GpnRw0kzlYD5adq9fMYd6gc5-YUfhbAsDRtaEvy_Yn7YlAecM-QtcjpZFbw-4Mth22FgCNVlNF5CprWWJU09ofVAJAfqXqvqdLA-EG7hzjDvXWRpxrkV0iIh5s92cSKXDavorNaDpmfugo1-V1qm8apq1HmKGtFeigT4PRTKTcRN3Bdi7TE2MvBVmoRJoaOK1VV_U.7vHEJVuxd6-oTUmXIV8mloShPwGoU2XxyfJ0EtIqEvc&dib_tag=se&keywords=samsung%2Bphone&qid=1781450907&th=1
Samsung Galaxy A11 32GB - Unlocked (Renewed),,Samsung,Android 10.0,3 GB,Snapdragon,1.8 GHz,(1403),https://www.amazon.com/Samsung-Electronics-A11-32GB-A115U/dp/B08HC5GMK2/ref=sr_1_121?dib=eyJ2IjoiMSJ9.X_D3Zqb1tV_TKH_I9JBOnSeEZ4B-YUxpQB7PS3GpnRw0kzlYD5adq9fMYd6gc5-YUfhbAsDRtaEvy_Yn7YlAecM-QtcjpZFbw-4Mth22FgCNVlNF5CprWWJU09ofVAJAfqXqvqdLA-EG7hzjDvXWRpxrkV0iIh5s92cSKXDavorNaDpmfugo1-V1qm8apq1HmKGtFeigT4PRTKTcRN3Bdi7TE2MvBVmoRJoaOK1VV_U.7vHEJVuxd6-oTUmXIV8mloShPwGoU2XxyfJ0EtIqEvc&dib_tag=se&keywords=samsung+phone&qid=1781450907
Samsung Galaxy S21+ Plus 5G US Version 128GB Phantom Black - T-Mobile Unlocked (Renewed),,Samsung,android,8 GB,Qualcomm Snapdragon S4 MSM8270,"1.8, 2.4, 2.8 GHz",(2515),https://www.amazon.com/Galaxy-S21-5G-Smartphone-T-Mobile/dp/B09LPHCQ65/ref=sr_1_120?dib=eyJ2IjoiMSJ9.X_D3Zqb1tV_TKH_I9JBOnSeEZ4B-YUxpQB7PS3GpnRw0kzlYD5adq9fMYd6gc5-YUfhbAsDRtaEvy_Yn7YlAecM-QtcjpZFbw-4Mth22FgCNVlNF5CprWWJU09ofVAJAfqXqvqdLA-EG7hzjDvXWRpxrkV0iIh5s92cSKXDavorNaDpmfugo1-V1qm8apq1HmKGtFeigT4PRTKTcRN3Bdi7TE2MvBVmoRJoaOK1VV_U.7vHEJVuxd6-oTUmXIV8mloShPwGoU2XxyfJ0EtIqEvc&dib_tag=se&keywords=samsung%2Bphone&qid=1781450907&th=1
Samsung Galaxy Tab S10 FE 256GB WiFi Android Tablet Large Display Long Battery Life Exynos 1580 Processor IP68 Water-Resistant 90 Hz Refresh S Pen for Note-Taking US Version Blue,,Samsung,,,,,(814),https://www.amazon.com/Samsung-Processor-Note-Taking-Manufacturer-Warranty/dp/B0DW137V8C/ref=sr_1_119?dib=eyJ2IjoiMSJ9.X_D3Zqb1tV_TKH_I9JBOnSeEZ4B-YUxpQB7PS3GpnRw0kzlYD5adq9fMYd6gc5-YUfhbAsDRtaEvy_Yn7YlAecM-QtcjpZFbw-4Mth22FgCNVlNF5CprWWJU09ofVAJAfqXqvqdLA-EG7hzjDvXWRpxrkV0iIh5s92cSKXDavorNaDpmfugo1-V1qm8apq1HmKGtFeigT4PRTKTcRN3Bdi7TE2MvBVmoRJoaOK1VV_U.7vHEJVuxd6-oTUmXIV8mloShPwGoU2XxyfJ0EtIqEvc&dib_tag=se&keywords=samsung%2Bphone&qid=1781450907&th=1
Samsung Galaxy A03s 32GB Black - Unlocked (Renewed),,Samsung,Android,3 GB,Snapdragon,2.2 GHz,(219),https://www.amazon.com/Samsung-Galaxy-A03s-32GB-Black/dp/B0D52DG499/ref=sr_1_118?dib=eyJ2IjoiMSJ9.X_D3Zqb1tV_TKH_I9JBOnSeEZ4B-YUxpQB7PS3GpnRw0kzlYD5adq9fMYd6gc5-YUfhbAsDRtaEvy_Yn7YlAecM-QtcjpZFbw-4Mth22FgCNVlNF5CprWWJU09ofVAJAfqXqvqdLA-EG7hzjDvXWRpxrkV0iIh5s92cSKXDavorNaDpmfugo1-V1qm8apq1HmKGtFeigT4PRTKTcRN3Bdi7TE2MvBVmoRJoaOK1VV_U.7vHEJVuxd6-oTUmXIV8mloShPwGoU2XxyfJ0EtIqEvc&dib_tag=se&keywords=samsung+phone&qid=1781450907
Samsung Galaxy A03s 32GB Black - Unlocked (GSM Only) (Renewed),,Samsung,Android,2 GB,Cortex,1.8 GHz,(2019),https://www.amazon.com/Samsung-Unlocked-Smartphone-Expandable-Infinite/dp/B09SM24S8C/ref=sr_1_117?dib=eyJ2IjoiMSJ9.X_D3Zqb1tV_TKH_I9JBOnSeEZ4B-YUxpQB7PS3GpnRw0kzlYD5adq9fMYd6gc5-YUfhbAsDRtaEvy_Yn7YlAecM-QtcjpZFbw-4Mth22FgCNVlNF5CprWWJU09ofVAJAfqXqvqdLA-EG7hzjDvXWRpxrkV0iIh5s92cSKXDavorNaDpmfugo1-V1qm8apq1HmKGtFeigT4PRTKTcRN3Bdi7TE2MvBVmoRJoaOK1VV_U.7vHEJVuxd6-oTUmXIV8mloShPwGoU2XxyfJ0EtIqEvc&dib_tag=se&keywords=samsung%2Bphone&qid=1781450907&th=1
Samsung Galaxy A21 32GB Black - Unlocked (GSM Only) (Renewed),,Samsung,Android 10.0,3 GB,Snapdragon,2.35 GHz,(1419),https://www.amazon.com/Samsung-Galaxy-A21-32GB-Black/dp/B08JY4DGB1/ref=sr_1_116?dib=eyJ2IjoiMSJ9.X_D3Zqb1tV_TKH_I9JBOnSeEZ4B-YUxpQB7PS3GpnRw0kzlYD5adq9fMYd6gc5-YUfhbAsDRtaEvy_Yn7YlAecM-QtcjpZFbw-4Mth22FgCNVlNF5CprWWJU09ofVAJAfqXqvqdLA-EG7hzjDvXWRpxrkV0iIh5s92cSKXDavorNaDpmfugo1-V1qm8apq1HmKGtFeigT4PRTKTcRN3Bdi7TE2MvBVmoRJoaOK1VV_U.7vHEJVuxd6-oTUmXIV8mloShPwGoU2XxyfJ0EtIqEvc&dib_tag=se&keywords=samsung%2Bphone&qid=1781450907&th=1
Samsung Galaxy A13 32GB Black - Unlocked (Renewed),,Samsung,Android,3 GB,1.2GHz Cortex A8 Processor,2 GHz,(1283),https://www.amazon.com/SAMSUNG-Galaxy-A13-LTE-32GB/dp/B09Z8P34NM/ref=sr_1_115?dib=eyJ2IjoiMSJ9.X_D3Zqb1tV_TKH_I9JBOnSeEZ4B-YUxpQB7PS3GpnRw0kzlYD5adq9fMYd6gc5-YUfhbAsDRtaEvy_Yn7YlAecM-QtcjpZFbw-4Mth22FgCNVlNF5CprWWJU09ofVAJAfqXqvqdLA-EG7hzjDvXWRpxrkV0iIh5s92cSKXDavorNaDpmfugo1-V1qm8apq1HmKGtFeigT4PRTKTcRN3Bdi7TE2MvBVmoRJoaOK1VV_U.7vHEJVuxd6-oTUmXIV8mloShPwGoU2XxyfJ0EtIqEvc&dib_tag=se&keywords=samsung+phone&qid=1781450907
Samsung Galaxy S23 FE 128GB Graphite - Unlocked (Renewed),,Samsung,Android,8 GB,Snapdragon,2.5 GHz,(565),https://www.amazon.com/Samsung-Galaxy-S23-FE-Unlocked/dp/B0CXJLHG1J/ref=sr_1_114?dib=eyJ2IjoiMSJ9.X_D3Zqb1tV_TKH_I9JBOnSeEZ4B-YUxpQB7PS3GpnRw0kzlYD5adq9fMYd6gc5-YUfhbAsDRtaEvy_Yn7YlAecM-QtcjpZFbw-4Mth22FgCNVlNF5CprWWJU09ofVAJAfqXqvqdLA-EG7hzjDvXWRpxrkV0iIh5s92cSKXDavorNaDpmfugo1-V1qm8apq1HmKGtFeigT4PRTKTcRN3Bdi7TE2MvBVmoRJoaOK1VV_U.7vHEJVuxd6-oTUmXIV8mloShPwGoU2XxyfJ0EtIqEvc&dib_tag=se&keywords=samsung%2Bphone&qid=1781450907&th=1
SAMSUNG Galaxy S23 Series AI Phone Unlocked Android Smartphone 128GB Storage 8GB RAM 50MP Camera Night Mode Long Battery Life Adaptive Display US Version 2023 Lavender,,Samsung,Android 13.0,,Snapdragon 8 Gen2,3.36 GHz,(7579),https://www.amazon.com/SAMSUNG-Unlocked-Smartphone-Adaptive-Lavender/dp/B0BLP3TL8J/ref=sr_1_113?dib=eyJ2IjoiMSJ9.X_D3Zqb1tV_TKH_I9JBOnSeEZ4B-YUxpQB7PS3GpnRw0kzlYD5adq9fMYd6gc5-YUfhbAsDRtaEvy_Yn7YlAecM-QtcjpZFbw-4Mth22FgCNVlNF5CprWWJU09ofVAJAfqXqvqdLA-EG7hzjDvXWRpxrkV0iIh5s92cSKXDavorNaDpmfugo1-V1qm8apq1HmKGtFeigT4PRTKTcRN3Bdi7TE2MvBVmoRJoaOK1VV_U.7vHEJVuxd6-oTUmXIV8mloShPwGoU2XxyfJ0EtIqEvc&dib_tag=se&keywords=samsung%2Bphone&qid=1781450907&th=1
Samsung Galaxy S24+ Plus 5G US Version 512GB Amber Yellow - Unlocked (Renewed),,Samsung,Android,12 GB,Snapdragon,2.9 GHz,(34),https://www.amazon.com/SAMSUNG-Galaxy-S24-Version-Yellow/dp/B0D2RXB2M3/ref=sr_1_112?dib=eyJ2IjoiMSJ9.gUImDxOptGK1udTyAA3Ynn-zJIQXlSMQ-K_yc3gPSWVFGepX8l0I6SgAzwV1blHeyDXnaa1QzKr_N-q7NMxHB_nYAUwEJPnM5GeH9FciU8sP3fgp8ytpeenqJWTPKWntoOSMjZ4CScPIN9Sbva1nRTgZDA6COkXVX1CkTf0vu6qFkWRP2c_N6MVB7U1s9LlH-nESNAHLrEfhaKRPGhet9X3bNw5M97Td2Z-MyhiRh6E.J-HxiZsEewDr03WsDRQCwxY0kZPwdSxUJkIiaggJ-o4&dib_tag=se&keywords=samsung+phone&qid=1781450903
SAMSUNG Galaxy S25 SM-S931B/DS 256GB 12GB RAM AI Smartphone Factory Unlocked Global Model - Iceblue,,Samsung,Android 14,256 GB,1.2GHz Cortex A13 Processor,4 GHz,(45),https://www.amazon.com/SAMSUNG-SM-S931B-Smartphone-Factory-Unlocked/dp/B0DV46NY8M/ref=sr_1_111?dib=eyJ2IjoiMSJ9.gUImDxOptGK1udTyAA3Ynn-zJIQXlSMQ-K_yc3gPSWVFGepX8l0I6SgAzwV1blHeyDXnaa1QzKr_N-q7NMxHB_nYAUwEJPnM5GeH9FciU8sP3fgp8ytpeenqJWTPKWntoOSMjZ4CScPIN9Sbva1nRTgZDA6COkXVX1CkTf0vu6qFkWRP2c_N6MVB7U1s9LlH-nESNAHLrEfhaKRPGhet9X3bNw5M97Td2Z-MyhiRh6E.J-HxiZsEewDr03WsDRQCwxY0kZPwdSxUJkIiaggJ-o4&dib_tag=se&keywords=samsung%2Bphone&qid=1781450903&th=1
Samsung Galaxy A17 5G Ai (128GB + 4GB) Unlocked No-Warranty (Compatible with T-Mobile Mint Tello & Global) SM-A176B/DS Dual SIM / 6.7 50MP Triple (25W Fast Charger Bundle Black),,Samsung,Android 15,4 GB,Exynos 1330 S5E8535,2.4 GHz,(28),https://www.amazon.com/Samsung-No-Warranty-Compatible-SM-A176B-DS/dp/B0G2YMNR4T/ref=sr_1_110?dib=eyJ2IjoiMSJ9.gUImDxOptGK1udTyAA3Ynn-zJIQXlSMQ-K_yc3gPSWVFGepX8l0I6SgAzwV1blHeyDXnaa1QzKr_N-q7NMxHB_nYAUwEJPnM5GeH9FciU8sP3fgp8ytpeenqJWTPKWntoOSMjZ4CScPIN9Sbva1nRTgZDA6COkXVX1CkTf0vu6qFkWRP2c_N6MVB7U1s9LlH-nESNAHLrEfhaKRPGhet9X3bNw5M97Td2Z-MyhiRh6E.J-HxiZsEewDr03WsDRQCwxY0kZPwdSxUJkIiaggJ-o4&dib_tag=se&keywords=samsung+phone&qid=1781450903
Samsung Galaxy S23+ Plus 5G 512GB Lavender - Unlocked (Renewed),,Samsung,Android,8 GB,Snapdragon,2.8 GHz,(102),https://www.amazon.com/SAMSUNG-Galaxy-S23-Factory-Unlocked/dp/B0C7D382QJ/ref=sr_1_109?dib=eyJ2IjoiMSJ9.gUImDxOptGK1udTyAA3Ynn-zJIQXlSMQ-K_yc3gPSWVFGepX8l0I6SgAzwV1blHeyDXnaa1QzKr_N-q7NMxHB_nYAUwEJPnM5GeH9FciU8sP3fgp8ytpeenqJWTPKWntoOSMjZ4CScPIN9Sbva1nRTgZDA6COkXVX1CkTf0vu6qFkWRP2c_N6MVB7U1s9LlH-nESNAHLrEfhaKRPGhet9X3bNw5M97Td2Z-MyhiRh6E.J-HxiZsEewDr03WsDRQCwxY0kZPwdSxUJkIiaggJ-o4&dib_tag=se&keywords=samsung+phone&qid=1781450903
Samsung Galaxy A17 5G Ai (256GB + 8GB) Unlocked (Compatible with T-Mobile Mint Tello & Global) SM-A176B/DS Dual SIM / 6.7 50MP Triple (Case Bundle) (SM-A176B/DS) (Gray),,Samsung,Android 15,8 GB,Exynos 1330 S5E8535,2.4 GHz,(14),https://www.amazon.com/Samsung-Unlocked-Compatible-SM-A176B-DS/dp/B0FV3VDS1V/ref=sr_1_108?dib=eyJ2IjoiMSJ9.gUImDxOptGK1udTyAA3Ynn-zJIQXlSMQ-K_yc3gPSWVFGepX8l0I6SgAzwV1blHeyDXnaa1QzKr_N-q7NMxHB_nYAUwEJPnM5GeH9FciU8sP3fgp8ytpeenqJWTPKWntoOSMjZ4CScPIN9Sbva1nRTgZDA6COkXVX1CkTf0vu6qFkWRP2c_N6MVB7U1s9LlH-nESNAHLrEfhaKRPGhet9X3bNw5M97Td2Z-MyhiRh6E.J-HxiZsEewDr03WsDRQCwxY0kZPwdSxUJkIiaggJ-o4&dib_tag=se&keywords=samsung%2Bphone&qid=1781450903&th=1
Tracfone Samsung Galaxy A37 5G 128GB Black - Prepaid Smartphone (Locked to Tracfone),,Tracfone,Android 16,6 GB,Exynos 1480 S5E8845,2.75 GHz,,https://www.amazon.com/Tracfone-Samsung-Galaxy-128GB-Black/dp/B0H1YPL2BW/ref=sr_1_107?dib=eyJ2IjoiMSJ9.gUImDxOptGK1udTyAA3Ynn-zJIQXlSMQ-K_yc3gPSWVFGepX8l0I6SgAzwV1blHeyDXnaa1QzKr_N-q7NMxHB_nYAUwEJPnM5GeH9FciU8sP3fgp8ytpeenqJWTPKWntoOSMjZ4CScPIN9Sbva1nRTgZDA6COkXVX1CkTf0vu6qFkWRP2c_N6MVB7U1s9LlH-nESNAHLrEfhaKRPGhet9X3bNw5M97Td2Z-MyhiRh6E.J-HxiZsEewDr03WsDRQCwxY0kZPwdSxUJkIiaggJ-o4&dib_tag=se&keywords=samsung+phone&qid=1781450903
Samsung Galaxy Z Flip7 512GB - Unlocked (Renewed),,Samsung,"Android 16, OneUI 8",,,,(66),https://www.amazon.com/Samsung-Smartphone-Unlocked-Android-Battery/dp/B0FPGPJCDN/ref=sr_1_106?dib=eyJ2IjoiMSJ9.gUImDxOptGK1udTyAA3Ynn-zJIQXlSMQ-K_yc3gPSWVFGepX8l0I6SgAzwV1blHeyDXnaa1QzKr_N-q7NMxHB_nYAUwEJPnM5GeH9FciU8sP3fgp8ytpeenqJWTPKWntoOSMjZ4CScPIN9Sbva1nRTgZDA6COkXVX1CkTf0vu6qFkWRP2c_N6MVB7U1s9LlH-nESNAHLrEfhaKRPGhet9X3bNw5M97Td2Z-MyhiRh6E.J-HxiZsEewDr03WsDRQCwxY0kZPwdSxUJkIiaggJ-o4&dib_tag=se&keywords=samsung%2Bphone&qid=1781450903&th=1
Samsung Galaxy S25 Ultra 1TB - Unlocked (Renewed),,Samsung,Android,12 GB,Snapdragon,3.5 GHz,(12),https://www.amazon.com/Samsung-Galaxy-S25-Ultra-1TB/dp/B0F3FY29PS/ref=sr_1_105?dib=eyJ2IjoiMSJ9.gUImDxOptGK1udTyAA3Ynn-zJIQXlSMQ-K_yc3gPSWVFGepX8l0I6SgAzwV1blHeyDXnaa1QzKr_N-q7NMxHB_nYAUwEJPnM5GeH9FciU8sP3fgp8ytpeenqJWTPKWntoOSMjZ4CScPIN9Sbva1nRTgZDA6COkXVX1CkTf0vu6qFkWRP2c_N6MVB7U1s9LlH-nESNAHLrEfhaKRPGhet9X3bNw5M97Td2Z-MyhiRh6E.J-HxiZsEewDr03WsDRQCwxY0kZPwdSxUJkIiaggJ-o4&dib_tag=se&keywords=samsung+phone&qid=1781450903
Samsung Galaxy S23 5G US Version 256GB Lavender - Unlocked (Renewed),,Samsung,Android,8 GB,Snapdragon,3.2 GHz,(1317),https://www.amazon.com/SAMSUNG-Galaxy-Factory-Unlocked-256GB/dp/B0C79Y842T/ref=sr_1_104?dib=eyJ2IjoiMSJ9.gUImDxOptGK1udTyAA3Ynn-zJIQXlSMQ-K_yc3gPSWVFGepX8l0I6SgAzwV1blHeyDXnaa1QzKr_N-q7NMxHB_nYAUwEJPnM5GeH9FciU8sP3fgp8ytpeenqJWTPKWntoOSMjZ4CScPIN9Sbva1nRTgZDA6COkXVX1CkTf0vu6qFkWRP2c_N6MVB7U1s9LlH-nESNAHLrEfhaKRPGhet9X3bNw5M97Td2Z-MyhiRh6E.J-HxiZsEewDr03WsDRQCwxY0kZPwdSxUJkIiaggJ-o4&dib_tag=se&keywords=samsung%2Bphone&qid=1781450903&th=1
Samsung Galaxy S24+ Plus 5G US Version 256GB Onyx Black - Unlocked (Renewed),,Samsung,Android,12 GB,Snapdragon,2.9 GHz,(474),https://www.amazon.com/SAMSUNG-Galaxy-S24-Version-256GB/dp/B0D365SPZN/ref=sr_1_103?dib=eyJ2IjoiMSJ9.gUImDxOptGK1udTyAA3Ynn-zJIQXlSMQ-K_yc3gPSWVFGepX8l0I6SgAzwV1blHeyDXnaa1QzKr_N-q7NMxHB_nYAUwEJPnM5GeH9FciU8sP3fgp8ytpeenqJWTPKWntoOSMjZ4CScPIN9Sbva1nRTgZDA6COkXVX1CkTf0vu6qFkWRP2c_N6MVB7U1s9LlH-nESNAHLrEfhaKRPGhet9X3bNw5M97Td2Z-MyhiRh6E.J-HxiZsEewDr03WsDRQCwxY0kZPwdSxUJkIiaggJ-o4&dib_tag=se&keywords=samsung+phone&qid=1781450903
Samsung Galaxy A13 5G 64GB Black - Unlocked (GSM Only) (Renewed),,Samsung,Android 11.0,4 GB,Core i5,2.2 GHz,(2193),https://www.amazon.com/Galaxy-A13-5G-Smartphone-Expandable/dp/B09T3MQSVP/ref=sr_1_102?dib=eyJ2IjoiMSJ9.gUImDxOptGK1udTyAA3Ynn-zJIQXlSMQ-K_yc3gPSWVFGepX8l0I6SgAzwV1blHeyDXnaa1QzKr_N-q7NMxHB_nYAUwEJPnM5GeH9FciU8sP3fgp8ytpeenqJWTPKWntoOSMjZ4CScPIN9Sbva1nRTgZDA6COkXVX1CkTf0vu6qFkWRP2c_N6MVB7U1s9LlH-nESNAHLrEfhaKRPGhet9X3bNw5M97Td2Z-MyhiRh6E.J-HxiZsEewDr03WsDRQCwxY0kZPwdSxUJkIiaggJ-o4&dib_tag=se&keywords=samsung+phone&qid=1781450903
Samsung Galaxy A14 5G Unlocked 6.6-Inch Infinity-V Display 1080x2408 FHD+ PLS LCD Android 13 One UI Core 5 Bluetooth 5.2 64GB ROM 4GB RAM Expandable MicroSD,,Samsung,Android 13.0,4 GB,Mediatek Dimensity 810,2.2 GHz,(248),https://www.amazon.com/Unlocked-Infinity-V-1080x2408-Bluetooth-Expandable/dp/B0CCPNDQCP/ref=sr_1_101?dib=eyJ2IjoiMSJ9.gUImDxOptGK1udTyAA3Ynn-zJIQXlSMQ-K_yc3gPSWVFGepX8l0I6SgAzwV1blHeyDXnaa1QzKr_N-q7NMxHB_nYAUwEJPnM5GeH9FciU8sP3fgp8ytpeenqJWTPKWntoOSMjZ4CScPIN9Sbva1nRTgZDA6COkXVX1CkTf0vu6qFkWRP2c_N6MVB7U1s9LlH-nESNAHLrEfhaKRPGhet9X3bNw5M97Td2Z-MyhiRh6E.J-HxiZsEewDr03WsDRQCwxY0kZPwdSxUJkIiaggJ-o4&dib_tag=se&keywords=samsung+phone&qid=1781450903
Samsung Galaxy S24+ Plus 5G US Version 256GB Cobalt Violet - Unlocked (Renewed),,Samsung,Android,12 GB,Snapdragon,2.9 GHz,(219),https://www.amazon.com/SAMSUNG-Galaxy-S24-Version-Cobalt/dp/B0D365XY4M/ref=sr_1_100?dib=eyJ2IjoiMSJ9.gUImDxOptGK1udTyAA3Ynn-zJIQXlSMQ-K_yc3gPSWVFGepX8l0I6SgAzwV1blHeyDXnaa1QzKr_N-q7NMxHB_nYAUwEJPnM5GeH9FciU8sP3fgp8ytpeenqJWTPKWntoOSMjZ4CScPIN9Sbva1nRTgZDA6COkXVX1CkTf0vu6qFkWRP2c_N6MVB7U1s9LlH-nESNAHLrEfhaKRPGhet9X3bNw5M97Td2Z-MyhiRh6E.J-HxiZsEewDr03WsDRQCwxY0kZPwdSxUJkIiaggJ-o4&dib_tag=se&keywords=samsung+phone&qid=1781450903
Samsung Galaxy S22 Ultra 5G US Version 128GB Green - Unlocked (Renewed),,Samsung,Android,8 GB,Snapdragon,2.5 GHz,(482),https://www.amazon.com/SAMSUNG-Galaxy-S22-Ultra-SM-S908U1/dp/B0B75MDYSF/ref=sr_1_99?dib=eyJ2IjoiMSJ9.gUImDxOptGK1udTyAA3Ynn-zJIQXlSMQ-K_yc3gPSWVFGepX8l0I6SgAzwV1blHeyDXnaa1QzKr_N-q7NMxHB_nYAUwEJPnM5GeH9FciU8sP3fgp8ytpeenqJWTPKWntoOSMjZ4CScPIN9Sbva1nRTgZDA6COkXVX1CkTf0vu6qFkWRP2c_N6MVB7U1s9LlH-nESNAHLrEfhaKRPGhet9X3bNw5M97Td2Z-MyhiRh6E.J-HxiZsEewDr03WsDRQCwxY0kZPwdSxUJkIiaggJ-o4&dib_tag=se&keywords=samsung+phone&qid=1781450903
Samsung Galaxy A16 5G A Series Unlocked Android Smartphone Large AMOLED Display Durable Design Super Fast Charging Expandable Storage 5G Connectivity US Version 2025 Blue Black,,Samsung,"Android 14, One UI",4 GB,Others,2.4 GHz,(3719),https://www.amazon.com/SAMSUNG-Unlocked-Smartphone-Charging-Expandable/dp/B0DLHNWHRF/ref=sr_1_98?dib=eyJ2IjoiMSJ9.gUImDxOptGK1udTyAA3Ynn-zJIQXlSMQ-K_yc3gPSWVFGepX8l0I6SgAzwV1blHeyDXnaa1QzKr_N-q7NMxHB_nYAUwEJPnM5GeH9FciU8sP3fgp8ytpeenqJWTPKWntoOSMjZ4CScPIN9Sbva1nRTgZDA6COkXVX1CkTf0vu6qFkWRP2c_N6MVB7U1s9LlH-nESNAHLrEfhaKRPGhet9X3bNw5M97Td2Z-MyhiRh6E.J-HxiZsEewDr03WsDRQCwxY0kZPwdSxUJkIiaggJ-o4&dib_tag=se&keywords=samsung%2Bphone&qid=1781450903&th=1
SAMSUNG Galaxy S23 5G (128GB 8GB) 6.1 AMOLED 50MP 8K Camera Global Volte (International Model Fully Unlocked for AT&T Verizon T-Mobile Global 5G) S911W (w/ 25W Fast Charger Phantom Black),,Samsung,Android 13.0,8 GB,Qualcomm Snapdragon MSM8260A,3.2E+3 MHz,(138),https://www.amazon.com/SAMSUNG-International-Unlocked-Verizon-T-Mobile/dp/B0BQ4YCB92/ref=sr_1_97?dib=eyJ2IjoiMSJ9.gUImDxOptGK1udTyAA3Ynn-zJIQXlSMQ-K_yc3gPSWVFGepX8l0I6SgAzwV1blHeyDXnaa1QzKr_N-q7NMxHB_nYAUwEJPnM5GeH9FciU8sP3fgp8ytpeenqJWTPKWntoOSMjZ4CScPIN9Sbva1nRTgZDA6COkXVX1CkTf0vu6qFkWRP2c_N6MVB7U1s9LlH-nESNAHLrEfhaKRPGhet9X3bNw5M97Td2Z-MyhiRh6E.J-HxiZsEewDr03WsDRQCwxY0kZPwdSxUJkIiaggJ-o4&dib_tag=se&keywords=samsung+phone&qid=1781450903
SAMSUNG Galaxy S23 5G (128GB 8GB) 6.1 AMOLED 50MP 8K Camera Global Volte (International Model Fully Unlocked for AT&T Verizon T-Mobile Global 5G) S911W (w/ 25W Fast Charger Phantom Black),,Samsung,Android 13.0,8 GB,Qualcomm Snapdragon MSM8260A,3.2E+3 MHz,(138),https://www.amazon.com/SAMSUNG-International-Unlocked-Verizon-T-Mobile/dp/B0BQ4YCB92/ref=sr_1_96?dib=eyJ2IjoiMSJ9.oDCnONGsQ5YiE4CpLqy8anzhKXCIsL6o-x07qhHebTr4AU_EJjSX-EM8j1qypcsGOhXDUFDy7f5rzYFjiM9kLNEtr6J9BSVwmyFvsZrfwquusLeyGu2xBvqPS8dCrl9_ZrL_A8aHlJFB_g_5XUNwnqN6HCijyaa5RnOPjAbGSAIGOLpd-YPrBZs5TWS81qiWKjr9nIsZGB2W48h8YdPdIrL-N3T2hz22gey3I3pOlQQ.Wg5EGn7BAtS0MjGHnDWuCr-RRlBUIHH2r-nHxBlj_vE&dib_tag=se&keywords=samsung+phone&qid=1781450898
Samsung Galaxy A07 4G Ai (Compatible only with T-Mobile Mint Tello & Global) (128GB + 4GB) Unlocked SM-A075/DS Dual Sim Warranty Latin America 6.7 50MP Dual Cam (Violet SM-A075MLVGGTO),,Samsung,android,4 GB,,,(19),https://www.amazon.com/Samsung-Compatible-T-Mobile-Unlocked-SM-A075MLVGGTO/dp/B0FT73SHX3/ref=sr_1_95?dib=eyJ2IjoiMSJ9.oDCnONGsQ5YiE4CpLqy8anzhKXCIsL6o-x07qhHebTr4AU_EJjSX-EM8j1qypcsGOhXDUFDy7f5rzYFjiM9kLNEtr6J9BSVwmyFvsZrfwquusLeyGu2xBvqPS8dCrl9_ZrL_A8aHlJFB_g_5XUNwnqN6HCijyaa5RnOPjAbGSAIGOLpd-YPrBZs5TWS81qiWKjr9nIsZGB2W48h8YdPdIrL-N3T2hz22gey3I3pOlQQ.Wg5EGn7BAtS0MjGHnDWuCr-RRlBUIHH2r-nHxBlj_vE&dib_tag=se&keywords=samsung%2Bphone&qid=1781450898&th=1
Samsung Galaxy A36 5G 128GB Awesome Black - Unlocked (Renewed),,Samsung,Android,6 GB,Snapdragon,"2.4, 2.4 GHz",(116),https://www.amazon.com/Samsung-Galaxy-128GB-Awesome-Black/dp/B0FDDKNY2T/ref=sr_1_94?dib=eyJ2IjoiMSJ9.oDCnONGsQ5YiE4CpLqy8anzhKXCIsL6o-x07qhHebTr4AU_EJjSX-EM8j1qypcsGOhXDUFDy7f5rzYFjiM9kLNEtr6J9BSVwmyFvsZrfwquusLeyGu2xBvqPS8dCrl9_ZrL_A8aHlJFB_g_5XUNwnqN6HCijyaa5RnOPjAbGSAIGOLpd-YPrBZs5TWS81qiWKjr9nIsZGB2W48h8YdPdIrL-N3T2hz22gey3I3pOlQQ.Wg5EGn7BAtS0MjGHnDWuCr-RRlBUIHH2r-nHxBlj_vE&dib_tag=se&keywords=samsung+phone&qid=1781450898
Samsung Galaxy A42 5G 128GB Black - Unlocked (Renewed),,Samsung,Android 11.0,4 GB,Snapdragon,2.2 GHz,(1389),https://www.amazon.com/Unlocked-Samsung-A42-128GB-SM-A426UZABXAA/dp/B097C3TS3Q/ref=sr_1_93?dib=eyJ2IjoiMSJ9.oDCnONGsQ5YiE4CpLqy8anzhKXCIsL6o-x07qhHebTr4AU_EJjSX-EM8j1qypcsGOhXDUFDy7f5rzYFjiM9kLNEtr6J9BSVwmyFvsZrfwquusLeyGu2xBvqPS8dCrl9_ZrL_A8aHlJFB_g_5XUNwnqN6HCijyaa5RnOPjAbGSAIGOLpd-YPrBZs5TWS81qiWKjr9nIsZGB2W48h8YdPdIrL-N3T2hz22gey3I3pOlQQ.Wg5EGn7BAtS0MjGHnDWuCr-RRlBUIHH2r-nHxBlj_vE&dib_tag=se&keywords=samsung+phone&qid=1781450898
Samsung Galaxy A35 5G 128GB Awesome Navy - Unlocked (Renewed),,Samsung,Android,6 GB,Exynos 1380,2 GHz,(136),https://www.amazon.com/SAMSUNG-Galaxy-A35-Smartphone-Expandable/dp/B0D7WFLK1Q/ref=sr_1_92?dib=eyJ2IjoiMSJ9.oDCnONGsQ5YiE4CpLqy8anzhKXCIsL6o-x07qhHebTr4AU_EJjSX-EM8j1qypcsGOhXDUFDy7f5rzYFjiM9kLNEtr6J9BSVwmyFvsZrfwquusLeyGu2xBvqPS8dCrl9_ZrL_A8aHlJFB_g_5XUNwnqN6HCijyaa5RnOPjAbGSAIGOLpd-YPrBZs5TWS81qiWKjr9nIsZGB2W48h8YdPdIrL-N3T2hz22gey3I3pOlQQ.Wg5EGn7BAtS0MjGHnDWuCr-RRlBUIHH2r-nHxBlj_vE&dib_tag=se&keywords=samsung+phone&qid=1781450898
SAMSUNG Galaxy A36 5G 2025 | 256GB Dual SIM | 6.7 120Hz AMOLED IP67 Water Resistant Android 15 | International Model Factory Unlocked for T-Mobile & Global | 25W Fast Charger Bundle (Awesome Lime),,Samsung,Android 15,8 GB,1.2GHz Cortex A13 Processor,4 GHz,(39),https://www.amazon.com/SAMSUNG-Resistant-International-Unlocked-T-Mobile/dp/B0F498NWDF/ref=sr_1_91?dib=eyJ2IjoiMSJ9.oDCnONGsQ5YiE4CpLqy8anzhKXCIsL6o-x07qhHebTr4AU_EJjSX-EM8j1qypcsGOhXDUFDy7f5rzYFjiM9kLNEtr6J9BSVwmyFvsZrfwquusLeyGu2xBvqPS8dCrl9_ZrL_A8aHlJFB_g_5XUNwnqN6HCijyaa5RnOPjAbGSAIGOLpd-YPrBZs5TWS81qiWKjr9nIsZGB2W48h8YdPdIrL-N3T2hz22gey3I3pOlQQ.Wg5EGn7BAtS0MjGHnDWuCr-RRlBUIHH2r-nHxBlj_vE&dib_tag=se&keywords=samsung+phone&qid=1781450898
Samsung Galaxy A15 5G 128GB Blue Black - Unlocked (International Version) (Renewed),,Samsung,Andorid,4 GB,Cortex,2 GHz,(843),https://www.amazon.com/SAMSUNG-Galaxy-A15-5G-International/dp/B0D2M2N6RK/ref=sr_1_90?dib=eyJ2IjoiMSJ9.oDCnONGsQ5YiE4CpLqy8anzhKXCIsL6o-x07qhHebTr4AU_EJjSX-EM8j1qypcsGOhXDUFDy7f5rzYFjiM9kLNEtr6J9BSVwmyFvsZrfwquusLeyGu2xBvqPS8dCrl9_ZrL_A8aHlJFB_g_5XUNwnqN6HCijyaa5RnOPjAbGSAIGOLpd-YPrBZs5TWS81qiWKjr9nIsZGB2W48h8YdPdIrL-N3T2hz22gey3I3pOlQQ.Wg5EGn7BAtS0MjGHnDWuCr-RRlBUIHH2r-nHxBlj_vE&dib_tag=se&keywords=samsung%2Bphone&qid=1781450898&th=1
Samsung Galaxy Note 9 128GB Lavender Purple - Unlocked (Renewed),,Samsung,Android 8.1,6 GB,Snapdragon,2.7E+3 GHz,(10087),https://www.amazon.com/Samsung-Unlocked-Warranty-Certified-Refurbished/dp/B07H8PXT7K/ref=sr_1_89?dib=eyJ2IjoiMSJ9.oDCnONGsQ5YiE4CpLqy8anzhKXCIsL6o-x07qhHebTr4AU_EJjSX-EM8j1qypcsGOhXDUFDy7f5rzYFjiM9kLNEtr6J9BSVwmyFvsZrfwquusLeyGu2xBvqPS8dCrl9_ZrL_A8aHlJFB_g_5XUNwnqN6HCijyaa5RnOPjAbGSAIGOLpd-YPrBZs5TWS81qiWKjr9nIsZGB2W48h8YdPdIrL-N3T2hz22gey3I3pOlQQ.Wg5EGn7BAtS0MjGHnDWuCr-RRlBUIHH2r-nHxBlj_vE&dib_tag=se&keywords=samsung%2Bphone&qid=1781450898&th=1
Samsung Galaxy Note 20 Ultra 128GB Mystic Black - Unlocked (Renewed),,Samsung,Android,12 GB,Snapdragon,2.42 GHz,(2729),https://www.amazon.com/Samsung-Galaxy-Unlocked-Android-Smartphone/dp/B08HL64JS8/ref=sr_1_88?dib=eyJ2IjoiMSJ9.oDCnONGsQ5YiE4CpLqy8anzhKXCIsL6o-x07qhHebTr4AU_EJjSX-EM8j1qypcsGOhXDUFDy7f5rzYFjiM9kLNEtr6J9BSVwmyFvsZrfwquusLeyGu2xBvqPS8dCrl9_ZrL_A8aHlJFB_g_5XUNwnqN6HCijyaa5RnOPjAbGSAIGOLpd-YPrBZs5TWS81qiWKjr9nIsZGB2W48h8YdPdIrL-N3T2hz22gey3I3pOlQQ.Wg5EGn7BAtS0MjGHnDWuCr-RRlBUIHH2r-nHxBlj_vE&dib_tag=se&keywords=samsung+phone&qid=1781450898
Samsung Galaxy S23 Ultra 5G 512GB Lavender - Unlocked (Renewed),,Samsung,Android,12 GB,Snapdragon,2.8 GHz,(513),https://www.amazon.com/SAMSUNG-Galaxy-Ultra-Factory-Unlocked/dp/B0C516QHXS/ref=sr_1_87?dib=eyJ2IjoiMSJ9.oDCnONGsQ5YiE4CpLqy8anzhKXCIsL6o-x07qhHebTr4AU_EJjSX-EM8j1qypcsGOhXDUFDy7f5rzYFjiM9kLNEtr6J9BSVwmyFvsZrfwquusLeyGu2xBvqPS8dCrl9_ZrL_A8aHlJFB_g_5XUNwnqN6HCijyaa5RnOPjAbGSAIGOLpd-YPrBZs5TWS81qiWKjr9nIsZGB2W48h8YdPdIrL-N3T2hz22gey3I3pOlQQ.Wg5EGn7BAtS0MjGHnDWuCr-RRlBUIHH2r-nHxBlj_vE&dib_tag=se&keywords=samsung%2Bphone&qid=1781450898&th=1
Samsung Galaxy A36 5G 2025 | 128GB Dual SIM | 6.7 120Hz AMOLED IP67 Water Resistant Android 15 | International Model Factory Unlocked for T-Mobile & Global | 25W Fast Charger Bundle (Lavender),,Samsung,Android 15,8 GB,Snapdragon,2.4 GHz,(9),https://www.amazon.com/SAMSUNG-Resistant-International-Unlocked-T-Mobile/dp/B0F497V8K4/ref=sr_1_86?dib=eyJ2IjoiMSJ9.oDCnONGsQ5YiE4CpLqy8anzhKXCIsL6o-x07qhHebTr4AU_EJjSX-EM8j1qypcsGOhXDUFDy7f5rzYFjiM9kLNEtr6J9BSVwmyFvsZrfwquusLeyGu2xBvqPS8dCrl9_ZrL_A8aHlJFB_g_5XUNwnqN6HCijyaa5RnOPjAbGSAIGOLpd-YPrBZs5TWS81qiWKjr9nIsZGB2W48h8YdPdIrL-N3T2hz22gey3I3pOlQQ.Wg5EGn7BAtS0MjGHnDWuCr-RRlBUIHH2r-nHxBlj_vE&dib_tag=se&keywords=samsung+phone&qid=1781450898
Samsung Galaxy Note 20 5G 128GB Mystic Gray - Unlocked (Renewed),,Samsung,Android,8 GB,Snapdragon,2.42 GHz,(2749),https://www.amazon.com/Samsung-Galaxy-Note-128GB-Mystic/dp/B08HQZC2XK/ref=sr_1_85?dib=eyJ2IjoiMSJ9.oDCnONGsQ5YiE4CpLqy8anzhKXCIsL6o-x07qhHebTr4AU_EJjSX-EM8j1qypcsGOhXDUFDy7f5rzYFjiM9kLNEtr6J9BSVwmyFvsZrfwquusLeyGu2xBvqPS8dCrl9_ZrL_A8aHlJFB_g_5XUNwnqN6HCijyaa5RnOPjAbGSAIGOLpd-YPrBZs5TWS81qiWKjr9nIsZGB2W48h8YdPdIrL-N3T2hz22gey3I3pOlQQ.Wg5EGn7BAtS0MjGHnDWuCr-RRlBUIHH2r-nHxBlj_vE&dib_tag=se&keywords=samsung+phone&qid=1781450898
Samsung Galaxy A56 5G Cell Phone 128GB AI Smartphone Unlocked Android AI Photo Edits Large Screen Long Battery Life 2025 US 1 Yr Manufacturer Warranty Awesome Graphite,,Samsung,"Android 15, OneUI 7.0",8 GB,,,(256),https://www.amazon.com/Samsung-Smartphone-Unlocked-Manufacturer-Warranty/dp/B0FB48RFL5/ref=sr_1_84?dib=eyJ2IjoiMSJ9.oDCnONGsQ5YiE4CpLqy8anzhKXCIsL6o-x07qhHebTr4AU_EJjSX-EM8j1qypcsGOhXDUFDy7f5rzYFjiM9kLNEtr6J9BSVwmyFvsZrfwquusLeyGu2xBvqPS8dCrl9_ZrL_A8aHlJFB_g_5XUNwnqN6HCijyaa5RnOPjAbGSAIGOLpd-YPrBZs5TWS81qiWKjr9nIsZGB2W48h8YdPdIrL-N3T2hz22gey3I3pOlQQ.Wg5EGn7BAtS0MjGHnDWuCr-RRlBUIHH2r-nHxBlj_vE&dib_tag=se&keywords=samsung%2Bphone&qid=1781450898&th=1
SAMSUNG Galaxy S21+ Plus 5G US Version 128GB Phantom Black - Unlocked (Renewed),,Samsung,Android,8 GB,Snapdragon,2.84 GHz,(3002),https://www.amazon.com/Samsung-Galaxy-S21-5G-Version/dp/B08WHKF6RJ/ref=sr_1_83?dib=eyJ2IjoiMSJ9.oDCnONGsQ5YiE4CpLqy8anzhKXCIsL6o-x07qhHebTr4AU_EJjSX-EM8j1qypcsGOhXDUFDy7f5rzYFjiM9kLNEtr6J9BSVwmyFvsZrfwquusLeyGu2xBvqPS8dCrl9_ZrL_A8aHlJFB_g_5XUNwnqN6HCijyaa5RnOPjAbGSAIGOLpd-YPrBZs5TWS81qiWKjr9nIsZGB2W48h8YdPdIrL-N3T2hz22gey3I3pOlQQ.Wg5EGn7BAtS0MjGHnDWuCr-RRlBUIHH2r-nHxBlj_vE&dib_tag=se&keywords=samsung+phone&qid=1781450898
Samsung Galaxy S20 FE 5G 128GB Cloud Navy - Unlocked (Renewed),,Samsung,Android 10.0,6 GB,Others,2.84 GHz,(5515),https://www.amazon.com/Samsung-Galaxy-S20-FE-128GB/dp/B08L34JQ9C/ref=sr_1_82?dib=eyJ2IjoiMSJ9.oDCnONGsQ5YiE4CpLqy8anzhKXCIsL6o-x07qhHebTr4AU_EJjSX-EM8j1qypcsGOhXDUFDy7f5rzYFjiM9kLNEtr6J9BSVwmyFvsZrfwquusLeyGu2xBvqPS8dCrl9_ZrL_A8aHlJFB_g_5XUNwnqN6HCijyaa5RnOPjAbGSAIGOLpd-YPrBZs5TWS81qiWKjr9nIsZGB2W48h8YdPdIrL-N3T2hz22gey3I3pOlQQ.Wg5EGn7BAtS0MjGHnDWuCr-RRlBUIHH2r-nHxBlj_vE&dib_tag=se&keywords=samsung+phone&qid=1781450898
Samsung Galaxy S22+ Plus 5G US Version 256GB Phantom White - Unlocked (Renewed),,Samsung,Android 12.0,8 GB,Others,2.8 GHz,(273),https://www.amazon.com/Samsung-Smartphone-Unlocked-Brightest-Processor/dp/B09VP3PYVP/ref=sr_1_81?dib=eyJ2IjoiMSJ9.oDCnONGsQ5YiE4CpLqy8anzhKXCIsL6o-x07qhHebTr4AU_EJjSX-EM8j1qypcsGOhXDUFDy7f5rzYFjiM9kLNEtr6J9BSVwmyFvsZrfwquusLeyGu2xBvqPS8dCrl9_ZrL_A8aHlJFB_g_5XUNwnqN6HCijyaa5RnOPjAbGSAIGOLpd-YPrBZs5TWS81qiWKjr9nIsZGB2W48h8YdPdIrL-N3T2hz22gey3I3pOlQQ.Wg5EGn7BAtS0MjGHnDWuCr-RRlBUIHH2r-nHxBlj_vE&dib_tag=se&keywords=samsung+phone&qid=1781450898
6.6” HD+ Cell Phone 4G Android 12 Smart Phone Octa-Core 6(3+3)+16GB Expand 512GB Dual Nano SIM Unlocked Android Phones Face ID Smartphones Unlocked Cheap (Pale Gold),,Zolykool,Android 12.0,3 GB,Unknown,2 GHz,(15),https://www.amazon.com/Zolykool-Android-Octa-Core-Unlocked-Smartphones/dp/B0GHRD5W5L/ref=sxbs_pa_sp_search_thematic_btf_sspa?content-id=amzn1.sym.2fa0bf97-28e9-4900-9b17-5084270e6a7e%3Aamzn1.sym.2fa0bf97-28e9-4900-9b17-5084270e6a7e&cv_ct_cx=samsung%2Bphone&keywords=samsung%2Bphone&pd_rd_i=B0GHRD5W5L&pd_rd_r=b8d97d96-a282-4372-9391-e2ce1f7b6a52&pd_rd_w=TLkWp&pd_rd_wg=S82Nv&pf_rd_p=2fa0bf97-28e9-4900-9b17-5084270e6a7e&pf_rd_r=JNF57XHYWF54BZA428ZG&qid=1781450894&sbo=RZvfv%2F%2FHxDF%2BO5021pAnSA%3D%3D&sr=1-69-00f96236-6fb3-4e90-80da-273d1668ad7d-spons&aref=X3nkXkDL4h&sp_csd=d2lkZ2V0TmFtZT1zcF9zZWFyY2hfdGhlbWF0aWNfYnRm&th=1
Gitryin Portable Micro USB Charger Retractable Wall Charger with 33.5in Charging Cable 40W Fast Charging Block with USB C Port Compatible with Samsung Galaxy S7 S6 J8 J7 Note 5KindleLGPS4Camera,,Gitryin,,,,,(56),https://www.amazon.com/Gitryin-Portable-Retractable-Charging-Compatible/dp/B0DXV29ZJ7/ref=sxbs_pa_sp_search_thematic_btf_sspa?content-id=amzn1.sym.2fa0bf97-28e9-4900-9b17-5084270e6a7e%3Aamzn1.sym.2fa0bf97-28e9-4900-9b17-5084270e6a7e&cv_ct_cx=samsung+phone&keywords=samsung+phone&pd_rd_i=B0DXV29ZJ7&pd_rd_r=b8d97d96-a282-4372-9391-e2ce1f7b6a52&pd_rd_w=TLkWp&pd_rd_wg=S82Nv&pf_rd_p=2fa0bf97-28e9-4900-9b17-5084270e6a7e&pf_rd_r=JNF57XHYWF54BZA428ZG&qid=1781450894&sbo=RZvfv%2F%2FHxDF%2BO5021pAnSA%3D%3D&sr=1-68-00f96236-6fb3-4e90-80da-273d1668ad7d-spons&aref=6QZCGpFvKv&sp_csd=d2lkZ2V0TmFtZT1zcF9zZWFyY2hfdGhlbWF0aWNfYnRm&psc=1
SUPCASE for Samsung Galaxy S26 Ultra Case with Stand & Belt-Clip (Unicorn Beetle Pro) [2 Tempered Glass Screen Protectors & Front Frame] Military-Grade Protective Phone Case for S26 Ultra Black,,SUPCASE,,,,,(3108),https://www.amazon.com/SUPCASE-Belt-Clip-Protectors-Military-Grade-Protective/dp/B0G5YVD787/ref=sxbs_pa_sp_search_thematic_btf_sspa?content-id=amzn1.sym.2fa0bf97-28e9-4900-9b17-5084270e6a7e%3Aamzn1.sym.2fa0bf97-28e9-4900-9b17-5084270e6a7e&cv_ct_cx=samsung%2Bphone&keywords=samsung%2Bphone&pd_rd_i=B0G5YVD787&pd_rd_r=b8d97d96-a282-4372-9391-e2ce1f7b6a52&pd_rd_w=TLkWp&pd_rd_wg=S82Nv&pf_rd_p=2fa0bf97-28e9-4900-9b17-5084270e6a7e&pf_rd_r=JNF57XHYWF54BZA428ZG&qid=1781450894&sbo=RZvfv%2F%2FHxDF%2BO5021pAnSA%3D%3D&sr=1-67-00f96236-6fb3-4e90-80da-273d1668ad7d-spons&aref=K4Dt87xX3z&sp_csd=d2lkZ2V0TmFtZT1zcF9zZWFyY2hfdGhlbWF0aWNfYnRm&th=1
andobil Upgraded 15 Cup Holder Phone Holder 【Solidest & Adjustable】 Military-Grade Long Gooseneck Cup Phone Holders for Your Car Truck Car Phone Holder for iPhone 17 Pro Max 16 15 14/Samsung/Pixel,,andobil,,,,,(4534),https://www.amazon.com/andobil-Upgraded-%E3%80%90Solidest-Adjustable%E3%80%91Military-Grade-Gooseneck/dp/B08KT21TB7/ref=sxbs_pa_sp_search_thematic_btf_sspa?content-id=amzn1.sym.2fa0bf97-28e9-4900-9b17-5084270e6a7e%3Aamzn1.sym.2fa0bf97-28e9-4900-9b17-5084270e6a7e&cv_ct_cx=samsung+phone&keywords=samsung+phone&pd_rd_i=B08KT21TB7&pd_rd_r=b8d97d96-a282-4372-9391-e2ce1f7b6a52&pd_rd_w=TLkWp&pd_rd_wg=S82Nv&pf_rd_p=2fa0bf97-28e9-4900-9b17-5084270e6a7e&pf_rd_r=JNF57XHYWF54BZA428ZG&qid=1781450894&sbo=RZvfv%2F%2FHxDF%2BO5021pAnSA%3D%3D&sr=1-66-00f96236-6fb3-4e90-80da-273d1668ad7d-spons&aref=FHgcNsliPR&sp_csd=d2lkZ2V0TmFtZT1zcF9zZWFyY2hfdGhlbWF0aWNfYnRm&psc=1
ANTSHARE IP68 Waterproof Case for Samsung Galaxy S26 Ultra [2026] - MagSafe Compatible Built-in Screen/Lens Protector - Shockproof Full Body Protection for Swimming/Outdoor Black/Clear,,ANTSHARE,,,,,(10396),https://www.amazon.com/ANTSHARE-Waterproof-Samsung-Galaxy-Built/dp/B0GF1K33N5/ref=sxbs_pa_sp_search_thematic_btf_sspa?content-id=amzn1.sym.2fa0bf97-28e9-4900-9b17-5084270e6a7e%3Aamzn1.sym.2fa0bf97-28e9-4900-9b17-5084270e6a7e&cv_ct_cx=samsung%2Bphone&keywords=samsung%2Bphone&pd_rd_i=B0GF1K33N5&pd_rd_r=b8d97d96-a282-4372-9391-e2ce1f7b6a52&pd_rd_w=TLkWp&pd_rd_wg=S82Nv&pf_rd_p=2fa0bf97-28e9-4900-9b17-5084270e6a7e&pf_rd_r=JNF57XHYWF54BZA428ZG&qid=1781450894&sbo=RZvfv%2F%2FHxDF%2BO5021pAnSA%3D%3D&sr=1-65-00f96236-6fb3-4e90-80da-273d1668ad7d-spons&aref=DbnlseDxXf&sp_csd=d2lkZ2V0TmFtZT1zcF9zZWFyY2hfdGhlbWF0aWNfYnRm&th=1
Samsung Galaxy A32 5G (64GB 4GB) 6.5 90Hz Display 48MP Quad Camera All Day Battery GSM (T-Mobile Unlocked for AT&T Metro Global) 4G LTE A326U (Awesome Black),,Samsung,Android 11.0,64 GB,Allwinner A31,2 GHz,(89),https://www.amazon.com/Samsung-Display-Battery-T-Mobile-Unlocked/dp/B09B19KMZY/ref=sr_1_86_sspa?dib=eyJ2IjoiMSJ9.nQRM20et20Sdpy02V9Th2CyCiUYpK5aPWOo_tMQP0mrPLtWlsTkNg267MmRZgC6i-iAPec_YTMMlzj16VLqixR_IQ6WBLCnMYEebib3I5WSloPsUrvFM7gQsPvzdjnnMtBemcQKEHUHUeiKCHm-H6RRrPNtUT-4DzLkU7hhaLhylvQcOnKjfVqTz7e3igypz0hnPD15DB8rUj0cvR9JqTH-JQzxfLBSwj-3iP64wGSI.ObihfHZHuGLBPwytyXhGrI0mnkvzDRIL5fz-CYSkQcQ&dib_tag=se&keywords=samsung+phone&qid=1781450894&sp_csd=d2lkZ2V0TmFtZT1zcF9idGY&psc=1
OtterBox Samsung Galaxy S25+ and S24+ Defender Series Case - Black,,OtterBox,,,,,(3737),https://www.amazon.com/OtterBox-Samsung-Galaxy-Defender-Case/dp/B0DP3G2T9J/ref=sr_1_85_sspa?dib=eyJ2IjoiMSJ9.nQRM20et20Sdpy02V9Th2CyCiUYpK5aPWOo_tMQP0mrPLtWlsTkNg267MmRZgC6i-iAPec_YTMMlzj16VLqixR_IQ6WBLCnMYEebib3I5WSloPsUrvFM7gQsPvzdjnnMtBemcQKEHUHUeiKCHm-H6RRrPNtUT-4DzLkU7hhaLhylvQcOnKjfVqTz7e3igypz0hnPD15DB8rUj0cvR9JqTH-JQzxfLBSwj-3iP64wGSI.ObihfHZHuGLBPwytyXhGrI0mnkvzDRIL5fz-CYSkQcQ&dib_tag=se&keywords=samsung%2Bphone&qid=1781450894&sp_csd=d2lkZ2V0TmFtZT1zcF9idGY&th=1
for Samsung Galaxy S24 Ultra CaseCompatible with Magsafe [Wireless Charging]with 360°Rotatable Magnetic Ring StandMatte Translucent Slim Soft Edge Phone KickstandBlack,,YOOVEI,,,,,(247),https://www.amazon.com/YOOVEI-Compatible-360%C2%B0Rotatable-Translucent-Kickstand/dp/B0DDC1HH8B/ref=sxin_33_pa_sp_search_thematic_sspa?content-id=amzn1.sym.a6b4529a-c41f-4cb8-b893-3e18e4cfe667%3Aamzn1.sym.a6b4529a-c41f-4cb8-b893-3e18e4cfe667&cv_ct_cx=samsung%2Bphone&keywords=samsung%2Bphone&pd_rd_i=B0DDC1HH8B&pd_rd_r=2f46225c-d7d4-400b-b311-c58d565f3df8&pd_rd_w=nhKHI&pd_rd_wg=MehRo&pf_rd_p=a6b4529a-c41f-4cb8-b893-3e18e4cfe667&pf_rd_r=JNF57XHYWF54BZA428ZG&qid=1781450894&sbo=RZvfv%2F%2FHxDF%2BO5021pAnSA%3D%3D&sr=1-69-f853d353-bf33-45e7-b5c2-2cb2b31abc9b-spons&aref=9nXHKijZEJ&sp_csd=d2lkZ2V0TmFtZT1zcF9zZWFyY2hfdGhlbWF0aWM&th=1
Motorola razr+ | 2023 | Unlocked | Made for US 8/256 | 32 MPCamera |Blue,,Motorola,Android 13.0,8 GB,Snapdragon,2.2 GHz,(890),https://www.amazon.com/Motorola-razr-Unlocked-MPCamera-73-95x170-83x6-99mm/dp/B0C2X87QW4/ref=sxin_33_pa_sp_search_thematic_sspa?content-id=amzn1.sym.a6b4529a-c41f-4cb8-b893-3e18e4cfe667%3Aamzn1.sym.a6b4529a-c41f-4cb8-b893-3e18e4cfe667&cv_ct_cx=samsung+phone&keywords=samsung+phone&pd_rd_i=B0C2X87QW4&pd_rd_r=2f46225c-d7d4-400b-b311-c58d565f3df8&pd_rd_w=nhKHI&pd_rd_wg=MehRo&pf_rd_p=a6b4529a-c41f-4cb8-b893-3e18e4cfe667&pf_rd_r=JNF57XHYWF54BZA428ZG&qid=1781450894&sbo=RZvfv%2F%2FHxDF%2BO5021pAnSA%3D%3D&sr=1-68-f853d353-bf33-45e7-b5c2-2cb2b31abc9b-spons&aref=1eAOXfFLLK&sp_csd=d2lkZ2V0TmFtZT1zcF9zZWFyY2hfdGhlbWF0aWM&psc=1
SURITCH for Samsung Galaxy S26 Plus Phone Case Magnetic Protective Cover with Camera Cover & Adjustable Metal Kickstand for Galaxy S26 Plus -Black,,SURITCH,,,,,(3459),https://www.amazon.com/SURITCH-Samsung-Galaxy-S26-Plus/dp/B0GJ8VX66H/ref=sxin_33_pa_sp_search_thematic_sspa?content-id=amzn1.sym.a6b4529a-c41f-4cb8-b893-3e18e4cfe667%3Aamzn1.sym.a6b4529a-c41f-4cb8-b893-3e18e4cfe667&cv_ct_cx=samsung%2Bphone&keywords=samsung%2Bphone&pd_rd_i=B0GJ8VX66H&pd_rd_r=2f46225c-d7d4-400b-b311-c58d565f3df8&pd_rd_w=nhKHI&pd_rd_wg=MehRo&pf_rd_p=a6b4529a-c41f-4cb8-b893-3e18e4cfe667&pf_rd_r=JNF57XHYWF54BZA428ZG&qid=1781450894&sbo=RZvfv%2F%2FHxDF%2BO5021pAnSA%3D%3D&sr=1-67-f853d353-bf33-45e7-b5c2-2cb2b31abc9b-spons&aref=H6cu0TxqTM&sp_csd=d2lkZ2V0TmFtZT1zcF9zZWFyY2hfdGhlbWF0aWM&th=1
SUPCASE for Samsung Galaxy S26 Ultra Case with Stand & Belt-Clip (Unicorn Beetle Pro) [2 Tempered Glass Screen Protectors & Front Frame] Military-Grade Protective Phone Case for S26 Ultra Black,,SUPCASE,,,,,(3108),https://www.amazon.com/SUPCASE-Belt-Clip-Protectors-Military-Grade-Protective/dp/B0G5YVD787/ref=sxin_33_pa_sp_search_thematic_sspa?content-id=amzn1.sym.a6b4529a-c41f-4cb8-b893-3e18e4cfe667%3Aamzn1.sym.a6b4529a-c41f-4cb8-b893-3e18e4cfe667&cv_ct_cx=samsung%2Bphone&keywords=samsung%2Bphone&pd_rd_i=B0G5YVD787&pd_rd_r=2f46225c-d7d4-400b-b311-c58d565f3df8&pd_rd_w=nhKHI&pd_rd_wg=MehRo&pf_rd_p=a6b4529a-c41f-4cb8-b893-3e18e4cfe667&pf_rd_r=JNF57XHYWF54BZA428ZG&qid=1781450894&sbo=RZvfv%2F%2FHxDF%2BO5021pAnSA%3D%3D&sr=1-66-f853d353-bf33-45e7-b5c2-2cb2b31abc9b-spons&aref=K4Dt87xX3z&sp_csd=d2lkZ2V0TmFtZT1zcF9zZWFyY2hfdGhlbWF0aWM&th=1
ANTSHARE IP68 Waterproof Case for Samsung Galaxy S26 Ultra [2026] - MagSafe Compatible Built-in Screen/Lens Protector - Shockproof Full Body Protection for Swimming/Outdoor Black/Clear,,ANTSHARE,,,,,(10396),https://www.amazon.com/ANTSHARE-Waterproof-Samsung-Galaxy-Built/dp/B0GF1K33N5/ref=sxin_33_pa_sp_search_thematic_sspa?content-id=amzn1.sym.a6b4529a-c41f-4cb8-b893-3e18e4cfe667%3Aamzn1.sym.a6b4529a-c41f-4cb8-b893-3e18e4cfe667&cv_ct_cx=samsung+phone&keywords=samsung+phone&pd_rd_i=B0GF1K33N5&pd_rd_r=2f46225c-d7d4-400b-b311-c58d565f3df8&pd_rd_w=nhKHI&pd_rd_wg=MehRo&pf_rd_p=a6b4529a-c41f-4cb8-b893-3e18e4cfe667&pf_rd_r=JNF57XHYWF54BZA428ZG&qid=1781450894&sbo=RZvfv%2F%2FHxDF%2BO5021pAnSA%3D%3D&sr=1-65-f853d353-bf33-45e7-b5c2-2cb2b31abc9b-spons&aref=DbnlseDxXf&sp_csd=d2lkZ2V0TmFtZT1zcF9zZWFyY2hfdGhlbWF0aWM&psc=1
Samsung Galaxy A05 A065M 64GB Dual-SIM GSM Unlocked Android Smartphone (Latin America Version) - Black,,Samsung,Android 13.0,4 GB,,,(731),https://www.amazon.com/Samsung-Dual-SIM-Unlocked-Android-Smartphone/dp/B0CRWT7WF1/ref=sr_1_84?dib=eyJ2IjoiMSJ9.nQRM20et20Sdpy02V9Th2CyCiUYpK5aPWOo_tMQP0mrPLtWlsTkNg267MmRZgC6i-iAPec_YTMMlzj16VLqixR_IQ6WBLCnMYEebib3I5WSloPsUrvFM7gQsPvzdjnnMtBemcQKEHUHUeiKCHm-H6RRrPNtUT-4DzLkU7hhaLhylvQcOnKjfVqTz7e3igypz0hnPD15DB8rUj0cvR9JqTH-JQzxfLBSwj-3iP64wGSI.ObihfHZHuGLBPwytyXhGrI0mnkvzDRIL5fz-CYSkQcQ&dib_tag=se&keywords=samsung+phone&qid=1781450894
Samsung Galaxy S25 Ultra 5G SM-S938B/DS 256GB 12GB Dual SIM Factory Unlocked GSM Smartphone 6.9 120Hz AMOLED Display 200MP Camera - International Version (Titanium Silver Blue),,Samsung,Android 15,12 GB,Snapdragon 8 Elite,4470 MHz,(250),https://www.amazon.com/Samsung-SM-S938B-Factory-Unlocked-Smartphone/dp/B0DSLVCPQB/ref=sr_1_83?dib=eyJ2IjoiMSJ9.nQRM20et20Sdpy02V9Th2CyCiUYpK5aPWOo_tMQP0mrPLtWlsTkNg267MmRZgC6i-iAPec_YTMMlzj16VLqixR_IQ6WBLCnMYEebib3I5WSloPsUrvFM7gQsPvzdjnnMtBemcQKEHUHUeiKCHm-H6RRrPNtUT-4DzLkU7hhaLhylvQcOnKjfVqTz7e3igypz0hnPD15DB8rUj0cvR9JqTH-JQzxfLBSwj-3iP64wGSI.ObihfHZHuGLBPwytyXhGrI0mnkvzDRIL5fz-CYSkQcQ&dib_tag=se&keywords=samsung+phone&qid=1781450894
Samsung Galaxy A20 32GB Black - Unlocked (Renewed),,Samsung,Android 9.0,3 GB,Snapdragon,1.6 GHz,(1201),https://www.amazon.com/Samsung-Unlocked-Android-Smartphone-Renewed/dp/B088XZFKJ5/ref=sr_1_82?dib=eyJ2IjoiMSJ9.nQRM20et20Sdpy02V9Th2CyCiUYpK5aPWOo_tMQP0mrPLtWlsTkNg267MmRZgC6i-iAPec_YTMMlzj16VLqixR_IQ6WBLCnMYEebib3I5WSloPsUrvFM7gQsPvzdjnnMtBemcQKEHUHUeiKCHm-H6RRrPNtUT-4DzLkU7hhaLhylvQcOnKjfVqTz7e3igypz0hnPD15DB8rUj0cvR9JqTH-JQzxfLBSwj-3iP64wGSI.ObihfHZHuGLBPwytyXhGrI0mnkvzDRIL5fz-CYSkQcQ&dib_tag=se&keywords=samsung+phone&qid=1781450894
Samsung Galaxy S22 5G US Version 128GB Bora Purple - Unlocked (Renewed),,Samsung,"Android 12,Android",8 GB,Snapdragon,2.5 GHz,(329),https://www.amazon.com/Samsung-Galaxy-Version-128GB-Purple/dp/B0BFSZVRN8/ref=sr_1_81?dib=eyJ2IjoiMSJ9.nQRM20et20Sdpy02V9Th2CyCiUYpK5aPWOo_tMQP0mrPLtWlsTkNg267MmRZgC6i-iAPec_YTMMlzj16VLqixR_IQ6WBLCnMYEebib3I5WSloPsUrvFM7gQsPvzdjnnMtBemcQKEHUHUeiKCHm-H6RRrPNtUT-4DzLkU7hhaLhylvQcOnKjfVqTz7e3igypz0hnPD15DB8rUj0cvR9JqTH-JQzxfLBSwj-3iP64wGSI.ObihfHZHuGLBPwytyXhGrI0mnkvzDRIL5fz-CYSkQcQ&dib_tag=se&keywords=samsung+phone&qid=1781450894
Samsung Galaxy S25 Edge 256GB Titanium Jet Black - Unlocked (Renewed),,Samsung,"Android 15, One UI 7",12 GB,Snapdragon 8 Elite,4.47 GHz,(577),https://www.amazon.com/Samsung-S25-Edge-Smartphone-Manufacturer/dp/B0FHJ65TGS/ref=sr_1_80?dib=eyJ2IjoiMSJ9.nQRM20et20Sdpy02V9Th2CyCiUYpK5aPWOo_tMQP0mrPLtWlsTkNg267MmRZgC6i-iAPec_YTMMlzj16VLqixR_IQ6WBLCnMYEebib3I5WSloPsUrvFM7gQsPvzdjnnMtBemcQKEHUHUeiKCHm-H6RRrPNtUT-4DzLkU7hhaLhylvQcOnKjfVqTz7e3igypz0hnPD15DB8rUj0cvR9JqTH-JQzxfLBSwj-3iP64wGSI.ObihfHZHuGLBPwytyXhGrI0mnkvzDRIL5fz-CYSkQcQ&dib_tag=se&keywords=samsung%2Bphone&qid=1781450894&th=1
Samsung Galaxy S22 Ultra 5G 256GB Phantom Black - Unlocked (Renewed),,Samsung,Android,12 GB,Snapdragon,2.5 GHz,(1205),https://www.amazon.com/Galaxy-S22-Ultra-Unlocked-SM-S908U1/dp/B0B5Y5H47D/ref=sr_1_79?dib=eyJ2IjoiMSJ9.nQRM20et20Sdpy02V9Th2CyCiUYpK5aPWOo_tMQP0mrPLtWlsTkNg267MmRZgC6i-iAPec_YTMMlzj16VLqixR_IQ6WBLCnMYEebib3I5WSloPsUrvFM7gQsPvzdjnnMtBemcQKEHUHUeiKCHm-H6RRrPNtUT-4DzLkU7hhaLhylvQcOnKjfVqTz7e3igypz0hnPD15DB8rUj0cvR9JqTH-JQzxfLBSwj-3iP64wGSI.ObihfHZHuGLBPwytyXhGrI0mnkvzDRIL5fz-CYSkQcQ&dib_tag=se&keywords=samsung+phone&qid=1781450894
Samsung Galaxy S25 Ultra 5G SM-S938B/DS 256GB 12GB Dual SIM Factory Unlocked GSM Smartphone 6.9 120Hz AMOLED Display 200MP Camera - International Version (Titanium Gray),,Samsung,Android 15,12 GB,A-Series,4470 MHz,(42),https://www.amazon.com/Samsung-SM-S938B-DS-Unlocked-Smartphone/dp/B0F2GZW9BL/ref=sr_1_78?dib=eyJ2IjoiMSJ9.nQRM20et20Sdpy02V9Th2CyCiUYpK5aPWOo_tMQP0mrPLtWlsTkNg267MmRZgC6i-iAPec_YTMMlzj16VLqixR_IQ6WBLCnMYEebib3I5WSloPsUrvFM7gQsPvzdjnnMtBemcQKEHUHUeiKCHm-H6RRrPNtUT-4DzLkU7hhaLhylvQcOnKjfVqTz7e3igypz0hnPD15DB8rUj0cvR9JqTH-JQzxfLBSwj-3iP64wGSI.ObihfHZHuGLBPwytyXhGrI0mnkvzDRIL5fz-CYSkQcQ&dib_tag=se&keywords=samsung+phone&qid=1781450894
Samsung Galaxy A36 5G A Series 128GB Unlocked Android Smartphone AMOLED Display Rugged Design 5G Connectivity Affordable Performance US Version 2025 US 1 Yr Warranty Awesome Black,,Samsung,"Android 14, ONE UI 6.0",6 GB,Others,"1.8, 2.4 GHz",(741),https://www.amazon.com/Samsung-A36-Smartphone-Connectivity-Performance/dp/B0DXHPNPYX/ref=sr_1_77?dib=eyJ2IjoiMSJ9.nQRM20et20Sdpy02V9Th2CyCiUYpK5aPWOo_tMQP0mrPLtWlsTkNg267MmRZgC6i-iAPec_YTMMlzj16VLqixR_IQ6WBLCnMYEebib3I5WSloPsUrvFM7gQsPvzdjnnMtBemcQKEHUHUeiKCHm-H6RRrPNtUT-4DzLkU7hhaLhylvQcOnKjfVqTz7e3igypz0hnPD15DB8rUj0cvR9JqTH-JQzxfLBSwj-3iP64wGSI.ObihfHZHuGLBPwytyXhGrI0mnkvzDRIL5fz-CYSkQcQ&dib_tag=se&keywords=samsung%2Bphone&qid=1781450894&th=1
LUNAR Eclipse L1 5G Unlocked Phone 6.79 5000mAh 128GB Android 14 | 50MP Camera | 18W Fast Charging | AT&T/T-Mobile/Cricket & More Compatible | Not Verizon | No NFC,,LUNAR,Android 14,4 GB,MediaGX,2.2 GHz,(75),https://www.amazon.com/LUNAR-Eclipse-L1-Unlocked-Charging/dp/B0DLHNSJKJ/ref=sr_1_76_sspa?dib=eyJ2IjoiMSJ9.nQRM20et20Sdpy02V9Th2CyCiUYpK5aPWOo_tMQP0mrPLtWlsTkNg267MmRZgC6i-iAPec_YTMMlzj16VLqixR_IQ6WBLCnMYEebib3I5WSloPsUrvFM7gQsPvzdjnnMtBemcQKEHUHUeiKCHm-H6RRrPNtUT-4DzLkU7hhaLhylvQcOnKjfVqTz7e3igypz0hnPD15DB8rUj0cvR9JqTH-JQzxfLBSwj-3iP64wGSI.ObihfHZHuGLBPwytyXhGrI0mnkvzDRIL5fz-CYSkQcQ&dib_tag=se&keywords=samsung+phone&qid=1781450894&sp_csd=d2lkZ2V0TmFtZT1zcF9tdGY&psc=1
WWT 26 Ultra Unlocked PhoneAndroid 15 12+512GB SmartphoneBuilt in Pen The PhoneCell Phone Battery 7000mAh 6.99 HD ScreenDual SIM/5G/Face ID/Fingerprint Lock/GPS (Rose Gold 12+512GB),,WWT,Android 14,512 GB,Snapdragon S5,3.2 GHz,(2),https://www.amazon.com/WWT-26-Ultra-Smartphone-Fingerprint/dp/B0G8M9MHTH/ref=sr_1_75_sspa?dib=eyJ2IjoiMSJ9.nQRM20et20Sdpy02V9Th2CyCiUYpK5aPWOo_tMQP0mrPLtWlsTkNg267MmRZgC6i-iAPec_YTMMlzj16VLqixR_IQ6WBLCnMYEebib3I5WSloPsUrvFM7gQsPvzdjnnMtBemcQKEHUHUeiKCHm-H6RRrPNtUT-4DzLkU7hhaLhylvQcOnKjfVqTz7e3igypz0hnPD15DB8rUj0cvR9JqTH-JQzxfLBSwj-3iP64wGSI.ObihfHZHuGLBPwytyXhGrI0mnkvzDRIL5fz-CYSkQcQ&dib_tag=se&keywords=samsung%2Bphone&qid=1781450894&sp_csd=d2lkZ2V0TmFtZT1zcF9tdGY&th=1
Samsung Galaxy S22 5G US Version 128GB Pink Gold - Unlocked (Renewed),,Samsung,Android,8 GB,Snapdragon,2.5 GHz,(2583),https://www.amazon.com/SAMSUNG-Galaxy-S22-Version-128GB/dp/B09V9Z1WLN/ref=sr_1_74?dib=eyJ2IjoiMSJ9.nQRM20et20Sdpy02V9Th2CyCiUYpK5aPWOo_tMQP0mrPLtWlsTkNg267MmRZgC6i-iAPec_YTMMlzj16VLqixR_IQ6WBLCnMYEebib3I5WSloPsUrvFM7gQsPvzdjnnMtBemcQKEHUHUeiKCHm-H6RRrPNtUT-4DzLkU7hhaLhylvQcOnKjfVqTz7e3igypz0hnPD15DB8rUj0cvR9JqTH-JQzxfLBSwj-3iP64wGSI.ObihfHZHuGLBPwytyXhGrI0mnkvzDRIL5fz-CYSkQcQ&dib_tag=se&keywords=samsung%2Bphone&qid=1781450894&th=1
[Activation Promotion] Tracfone Samsung A15 5G Locked Prepaid Smartphone 64GB Black - Includes $20 Unlimited Talk Text & 4GB Data 30-Day Plan,,Tracfone,Android 14,4 GB,Exynos 4412,,(362),https://www.amazon.com/TracFone-Activation-Promotion-Smartphone-64GB/dp/B0F7M42H2K/ref=sr_1_73?dib=eyJ2IjoiMSJ9.nQRM20et20Sdpy02V9Th2CyCiUYpK5aPWOo_tMQP0mrPLtWlsTkNg267MmRZgC6i-iAPec_YTMMlzj16VLqixR_IQ6WBLCnMYEebib3I5WSloPsUrvFM7gQsPvzdjnnMtBemcQKEHUHUeiKCHm-H6RRrPNtUT-4DzLkU7hhaLhylvQcOnKjfVqTz7e3igypz0hnPD15DB8rUj0cvR9JqTH-JQzxfLBSwj-3iP64wGSI.ObihfHZHuGLBPwytyXhGrI0mnkvzDRIL5fz-CYSkQcQ&dib_tag=se&keywords=samsung+phone&qid=1781450894
Samsung Galaxy S24+ Plus 5G US Version 512GB Onyx Black - Unlocked (Renewed),,Samsung,Android,12 GB,Snapdragon,3.36 GHz,(68),https://www.amazon.com/SAMSUNG-Galaxy-S24-Version-512GB/dp/B0D2RXT37G/ref=sr_1_72?dib=eyJ2IjoiMSJ9.nQRM20et20Sdpy02V9Th2CyCiUYpK5aPWOo_tMQP0mrPLtWlsTkNg267MmRZgC6i-iAPec_YTMMlzj16VLqixR_IQ6WBLCnMYEebib3I5WSloPsUrvFM7gQsPvzdjnnMtBemcQKEHUHUeiKCHm-H6RRrPNtUT-4DzLkU7hhaLhylvQcOnKjfVqTz7e3igypz0hnPD15DB8rUj0cvR9JqTH-JQzxfLBSwj-3iP64wGSI.ObihfHZHuGLBPwytyXhGrI0mnkvzDRIL5fz-CYSkQcQ&dib_tag=se&keywords=samsung+phone&qid=1781450894
Samsung Galaxy S21 5G US Version 128GB Phantom Gray - Unlocked (Renewed),,Samsung,Android,8 GB,Snapdragon,2.42 GHz,(8261),https://www.amazon.com/Samsung-Galaxy-S21-5G-Version/dp/B08VLMQ3KS/ref=sr_1_71?dib=eyJ2IjoiMSJ9.nQRM20et20Sdpy02V9Th2CyCiUYpK5aPWOo_tMQP0mrPLtWlsTkNg267MmRZgC6i-iAPec_YTMMlzj16VLqixR_IQ6WBLCnMYEebib3I5WSloPsUrvFM7gQsPvzdjnnMtBemcQKEHUHUeiKCHm-H6RRrPNtUT-4DzLkU7hhaLhylvQcOnKjfVqTz7e3igypz0hnPD15DB8rUj0cvR9JqTH-JQzxfLBSwj-3iP64wGSI.ObihfHZHuGLBPwytyXhGrI0mnkvzDRIL5fz-CYSkQcQ&dib_tag=se&keywords=samsung+phone&qid=1781450894
Samsung Galaxy A14 5G 64GB + 4GB RAM Black - Unlocked (GSM Only) (Renewed),,Samsung,Android,4 GB,,2.2 GHz,(949),https://www.amazon.com/Samsung-Factory-Unlocked-Android-Smartphone/dp/B0C8FR2XHJ/ref=sr_1_70?dib=eyJ2IjoiMSJ9.nQRM20et20Sdpy02V9Th2CyCiUYpK5aPWOo_tMQP0mrPLtWlsTkNg267MmRZgC6i-iAPec_YTMMlzj16VLqixR_IQ6WBLCnMYEebib3I5WSloPsUrvFM7gQsPvzdjnnMtBemcQKEHUHUeiKCHm-H6RRrPNtUT-4DzLkU7hhaLhylvQcOnKjfVqTz7e3igypz0hnPD15DB8rUj0cvR9JqTH-JQzxfLBSwj-3iP64wGSI.ObihfHZHuGLBPwytyXhGrI0mnkvzDRIL5fz-CYSkQcQ&dib_tag=se&keywords=samsung+phone&qid=1781450894
Tracfone Samsung Galaxy A26 5G 128GB Storage | 6.7” FHD+ 120Hz Super AMOLED Display | 50MP OIS Camera | 5000mAh Battery | Tracfone Locked | Prepaid Smartphone - Black,,Tracfone,Android 15,6 GB,Exynos 1380 S5E8835,2 GHz,(51),https://www.amazon.com/Tracfone-Samsung-Storage-Display-Smartphone/dp/B0G1B3BHNH/ref=sr_1_69?dib=eyJ2IjoiMSJ9.nQRM20et20Sdpy02V9Th2CyCiUYpK5aPWOo_tMQP0mrPLtWlsTkNg267MmRZgC6i-iAPec_YTMMlzj16VLqixR_IQ6WBLCnMYEebib3I5WSloPsUrvFM7gQsPvzdjnnMtBemcQKEHUHUeiKCHm-H6RRrPNtUT-4DzLkU7hhaLhylvQcOnKjfVqTz7e3igypz0hnPD15DB8rUj0cvR9JqTH-JQzxfLBSwj-3iP64wGSI.ObihfHZHuGLBPwytyXhGrI0mnkvzDRIL5fz-CYSkQcQ&dib_tag=se&keywords=samsung+phone&qid=1781450894
Samsung Galaxy S22 5G 128GB Phantom Black - Unlocked (Renewed),,Samsung,Android,8 GB,Snapdragon,3 GHz,(2589),https://www.amazon.com/Samsung-Smartphone-Unlocked-Brightest-Processor/dp/B09V5LDZQ4/ref=sr_1_68?dib=eyJ2IjoiMSJ9.nQRM20et20Sdpy02V9Th2CyCiUYpK5aPWOo_tMQP0mrPLtWlsTkNg267MmRZgC6i-iAPec_YTMMlzj16VLqixR_IQ6WBLCnMYEebib3I5WSloPsUrvFM7gQsPvzdjnnMtBemcQKEHUHUeiKCHm-H6RRrPNtUT-4DzLkU7hhaLhylvQcOnKjfVqTz7e3igypz0hnPD15DB8rUj0cvR9JqTH-JQzxfLBSwj-3iP64wGSI.ObihfHZHuGLBPwytyXhGrI0mnkvzDRIL5fz-CYSkQcQ&dib_tag=se&keywords=samsung+phone&qid=1781450894
SAMSUNG Galaxy A16 5G Dual SIM (128GB 2025) 6.7 90Hz AMOLED Water Resistant 8Core 50MP Camera (Factory Unlocked International Model for GSM Global) A166M/DS Blue Black,,Samsung,"Android 14, One UI",4 GB,,,(652),https://www.amazon.com/SAMSUNG-Resistant-Factory-Unlocked-International/dp/B0DT1KMCXP/ref=sr_1_67?dib=eyJ2IjoiMSJ9.nQRM20et20Sdpy02V9Th2CyCiUYpK5aPWOo_tMQP0mrPLtWlsTkNg267MmRZgC6i-iAPec_YTMMlzj16VLqixR_IQ6WBLCnMYEebib3I5WSloPsUrvFM7gQsPvzdjnnMtBemcQKEHUHUeiKCHm-H6RRrPNtUT-4DzLkU7hhaLhylvQcOnKjfVqTz7e3igypz0hnPD15DB8rUj0cvR9JqTH-JQzxfLBSwj-3iP64wGSI.ObihfHZHuGLBPwytyXhGrI0mnkvzDRIL5fz-CYSkQcQ&dib_tag=se&keywords=samsung+phone&qid=1781450894
BAOWU 16 Ultra Unlocked Phone 6.99inch Cell Phone with Android 14 16GB+1TB 7000mAh Long Battery Life HD Screen Smartphone with Dual SIM Fingerprint Lock Face ID Photos 5G Phone (Gray),,BAOWU,Android 14,16 GB,Snapdragon 8 Gen3,,(7),https://www.amazon.com/BAOWU-Unlocked-6-99inch-Smartphone-Fingerprint/dp/B0F5P51WPT/ref=sr_1_66_sspa?dib=eyJ2IjoiMSJ9.nQRM20et20Sdpy02V9Th2CyCiUYpK5aPWOo_tMQP0mrPLtWlsTkNg267MmRZgC6i-iAPec_YTMMlzj16VLqixR_IQ6WBLCnMYEebib3I5WSloPsUrvFM7gQsPvzdjnnMtBemcQKEHUHUeiKCHm-H6RRrPNtUT-4DzLkU7hhaLhylvQcOnKjfVqTz7e3igypz0hnPD15DB8rUj0cvR9JqTH-JQzxfLBSwj-3iP64wGSI.ObihfHZHuGLBPwytyXhGrI0mnkvzDRIL5fz-CYSkQcQ&dib_tag=se&keywords=samsung%2Bphone&qid=1781450894&sp_csd=d2lkZ2V0TmFtZT1zcF9hdGZfbmV4dA&th=1
Fadnou S25 Ultra Unlocked Cell Phone Built in Pen Smartphone Battery 7000mAh 6.99 HD Screen Unlocked Phones 16+512GB 5G The Phone Android 14 Face ID/Fingerprint Lock/GPS (Gray),,Fadnou,Android 14,16 GB,Snapdragon 8 Gen3,,(12),https://www.amazon.com/Fadnou-I25-Ultra-Unlocked-Smartphone/dp/B0DSQ96K84/ref=sr_1_65_sspa?dib=eyJ2IjoiMSJ9.nQRM20et20Sdpy02V9Th2CyCiUYpK5aPWOo_tMQP0mrPLtWlsTkNg267MmRZgC6i-iAPec_YTMMlzj16VLqixR_IQ6WBLCnMYEebib3I5WSloPsUrvFM7gQsPvzdjnnMtBemcQKEHUHUeiKCHm-H6RRrPNtUT-4DzLkU7hhaLhylvQcOnKjfVqTz7e3igypz0hnPD15DB8rUj0cvR9JqTH-JQzxfLBSwj-3iP64wGSI.ObihfHZHuGLBPwytyXhGrI0mnkvzDRIL5fz-CYSkQcQ&dib_tag=se&keywords=samsung%2Bphone&qid=1781450894&sp_csd=d2lkZ2V0TmFtZT1zcF9hdGZfbmV4dA&th=1
Samsung Galaxy Z Flip 5 5G US Version 256GB Graphite - Unlocked (Renewed),,Samsung,Android,8 GB,Snapdragon,2.8 GHz,(291),https://www.amazon.com/SAMSUNG-Galaxy-Unlocked-Smartphone-Graphite/dp/B0CN556RQ4/ref=sr_1_64?dib=eyJ2IjoiMSJ9.07lmXsOfDyfuWLSDJ5r8JKDx57JLox5eP8XK6ewpgyaPeIG8OIj5ssizBdfD0-cpA9_AwBq7rdCKXYv2LwQ7T1pE27TUXshDJ60M1qv-quzbkbnKXGTMuhhbQimBMGhBgnABgRV7q0BfPWFIBHGzsCjQZgVoEbmV1tvbxifGDKA7GepSkxcWin49N1cplUQweJw_MLjk4EVxnTb5F9u_z7CwkHMWxJ9eDcbGT7AeVPQ.mJlusBBkLdoN9HadLVv8_JfJKjL1ATLcKoDxHjfWuDA&dib_tag=se&keywords=samsung+phone&qid=1781450890
Motorola Moto G Stylus 5G | 2024 | Unlocked | Made for US 8/128GB | 50MP Camera | Caramel Latte,,Motorola,Android 14,8 GB,Snapdragon,2.2 GHz,(3052),https://www.amazon.com/Motorola-Stylus-Unlocked-Camera-Caramel/dp/B0FNS5XW5W/ref=sr_1_63?dib=eyJ2IjoiMSJ9.07lmXsOfDyfuWLSDJ5r8JKDx57JLox5eP8XK6ewpgyaPeIG8OIj5ssizBdfD0-cpA9_AwBq7rdCKXYv2LwQ7T1pE27TUXshDJ60M1qv-quzbkbnKXGTMuhhbQimBMGhBgnABgRV7q0BfPWFIBHGzsCjQZgVoEbmV1tvbxifGDKA7GepSkxcWin49N1cplUQweJw_MLjk4EVxnTb5F9u_z7CwkHMWxJ9eDcbGT7AeVPQ.mJlusBBkLdoN9HadLVv8_JfJKjL1ATLcKoDxHjfWuDA&dib_tag=se&keywords=samsung%2Bphone&qid=1781450890&th=1
Samsung Galaxy S24 FE 128GB - Unlocked (Renewed) | Renewed,,Samsung,Android,8 GB,Exynos 2400E,3.1 GHz,(439),https://www.amazon.com/Galaxy-S24-FE-Unlocked-Smartphone/dp/B0DQR1HKBR/ref=sr_1_62?dib=eyJ2IjoiMSJ9.07lmXsOfDyfuWLSDJ5r8JKDx57JLox5eP8XK6ewpgyaPeIG8OIj5ssizBdfD0-cpA9_AwBq7rdCKXYv2LwQ7T1pE27TUXshDJ60M1qv-quzbkbnKXGTMuhhbQimBMGhBgnABgRV7q0BfPWFIBHGzsCjQZgVoEbmV1tvbxifGDKA7GepSkxcWin49N1cplUQweJw_MLjk4EVxnTb5F9u_z7CwkHMWxJ9eDcbGT7AeVPQ.mJlusBBkLdoN9HadLVv8_JfJKjL1ATLcKoDxHjfWuDA&dib_tag=se&keywords=samsung+phone&qid=1781450890
Samsung Galaxy S21 FE 5G US Version 128GB Gray - Unlocked (Renewed),,Samsung,Android,6 GB,Snapdragon,2.8 GHz,(3296),https://www.amazon.com/Samsung-Galaxy-S21-FE-Intelligent/dp/B09SHJGLNN/ref=sr_1_61?dib=eyJ2IjoiMSJ9.07lmXsOfDyfuWLSDJ5r8JKDx57JLox5eP8XK6ewpgyaPeIG8OIj5ssizBdfD0-cpA9_AwBq7rdCKXYv2LwQ7T1pE27TUXshDJ60M1qv-quzbkbnKXGTMuhhbQimBMGhBgnABgRV7q0BfPWFIBHGzsCjQZgVoEbmV1tvbxifGDKA7GepSkxcWin49N1cplUQweJw_MLjk4EVxnTb5F9u_z7CwkHMWxJ9eDcbGT7AeVPQ.mJlusBBkLdoN9HadLVv8_JfJKjL1ATLcKoDxHjfWuDA&dib_tag=se&keywords=samsung%2Bphone&qid=1781450890&th=1
Samsung Galaxy A12 32GB + 3GB RAM Black - Unlocked (Renewed),,Samsung,Android,2 GB,MediaTek Helio,2.35 GHz,(2320),https://www.amazon.com/Samsung-Galaxy-A12-Unlocked-T-Mobile/dp/B0991J62ZY/ref=sr_1_60?dib=eyJ2IjoiMSJ9.07lmXsOfDyfuWLSDJ5r8JKDx57JLox5eP8XK6ewpgyaPeIG8OIj5ssizBdfD0-cpA9_AwBq7rdCKXYv2LwQ7T1pE27TUXshDJ60M1qv-quzbkbnKXGTMuhhbQimBMGhBgnABgRV7q0BfPWFIBHGzsCjQZgVoEbmV1tvbxifGDKA7GepSkxcWin49N1cplUQweJw_MLjk4EVxnTb5F9u_z7CwkHMWxJ9eDcbGT7AeVPQ.mJlusBBkLdoN9HadLVv8_JfJKjL1ATLcKoDxHjfWuDA&dib_tag=se&keywords=samsung+phone&qid=1781450890
Samsung Galaxy S23 FE 5G US Version 128GB Black - Unlocked (Renewed),,Samsung,Android,8 GB,Snapdragon,2.5 GHz,(951),https://www.amazon.com/Samsung-Galaxy-Version-128GB-Black/dp/B0CRPQ8W8X/ref=sr_1_59?dib=eyJ2IjoiMSJ9.07lmXsOfDyfuWLSDJ5r8JKDx57JLox5eP8XK6ewpgyaPeIG8OIj5ssizBdfD0-cpA9_AwBq7rdCKXYv2LwQ7T1pE27TUXshDJ60M1qv-quzbkbnKXGTMuhhbQimBMGhBgnABgRV7q0BfPWFIBHGzsCjQZgVoEbmV1tvbxifGDKA7GepSkxcWin49N1cplUQweJw_MLjk4EVxnTb5F9u_z7CwkHMWxJ9eDcbGT7AeVPQ.mJlusBBkLdoN9HadLVv8_JfJKjL1ATLcKoDxHjfWuDA&dib_tag=se&keywords=samsung+phone&qid=1781450890
Samsung Electronics Samsung Galaxy S21 Ultra 5G | Factory Unlocked Android Cell Phone | US Version 5G Smartphone | Pro-Grade Camera 108MP High Res | 128GB Black (SM-G998UZKAXAA) (Renewed),,Samsung,Android,8 GB,Snapdragon,,(3935),https://www.amazon.com/Electronics-Unlocked-Smartphone-Pro-Grade-SM-G998UZKAXAA/dp/B08VL1Q7Z1/ref=sr_1_58?dib=eyJ2IjoiMSJ9.07lmXsOfDyfuWLSDJ5r8JKDx57JLox5eP8XK6ewpgyaPeIG8OIj5ssizBdfD0-cpA9_AwBq7rdCKXYv2LwQ7T1pE27TUXshDJ60M1qv-quzbkbnKXGTMuhhbQimBMGhBgnABgRV7q0BfPWFIBHGzsCjQZgVoEbmV1tvbxifGDKA7GepSkxcWin49N1cplUQweJw_MLjk4EVxnTb5F9u_z7CwkHMWxJ9eDcbGT7AeVPQ.mJlusBBkLdoN9HadLVv8_JfJKjL1ATLcKoDxHjfWuDA&dib_tag=se&keywords=samsung%2Bphone&qid=1781450890&th=1
Samsung Galaxy A36 5G 2025 | 128GB Dual SIM | 6.7 120Hz AMOLED IP67 Water Resistant Android 15 | International Model Factory Unlocked for T-Mobile & Global | 25W Fast Charger Bundle (Black),,Samsung,Android 15,8 GB,Snapdragon,2.4 GHz,(25),https://www.amazon.com/SAMSUNG-Resistant-International-Unlocked-T-Mobile/dp/B0F49BNZL7/ref=sr_1_57?dib=eyJ2IjoiMSJ9.07lmXsOfDyfuWLSDJ5r8JKDx57JLox5eP8XK6ewpgyaPeIG8OIj5ssizBdfD0-cpA9_AwBq7rdCKXYv2LwQ7T1pE27TUXshDJ60M1qv-quzbkbnKXGTMuhhbQimBMGhBgnABgRV7q0BfPWFIBHGzsCjQZgVoEbmV1tvbxifGDKA7GepSkxcWin49N1cplUQweJw_MLjk4EVxnTb5F9u_z7CwkHMWxJ9eDcbGT7AeVPQ.mJlusBBkLdoN9HadLVv8_JfJKjL1ATLcKoDxHjfWuDA&dib_tag=se&keywords=samsung+phone&qid=1781450890
SAMSUNG Galaxy S25 Ultra SM-S938B/DS 256GB 12GB RAM AI Smartphone Factory Unlocked Global Model - Titanium Black,,Samsung,Android,12 GB,Snapdragon,4.47 GHz,(183),https://www.amazon.com/SAMSUNG-SM-S938B-Smartphone-Factory-Unlocked/dp/B0DVB31XRZ/ref=sr_1_56?dib=eyJ2IjoiMSJ9.07lmXsOfDyfuWLSDJ5r8JKDx57JLox5eP8XK6ewpgyaPeIG8OIj5ssizBdfD0-cpA9_AwBq7rdCKXYv2LwQ7T1pE27TUXshDJ60M1qv-quzbkbnKXGTMuhhbQimBMGhBgnABgRV7q0BfPWFIBHGzsCjQZgVoEbmV1tvbxifGDKA7GepSkxcWin49N1cplUQweJw_MLjk4EVxnTb5F9u_z7CwkHMWxJ9eDcbGT7AeVPQ.mJlusBBkLdoN9HadLVv8_JfJKjL1ATLcKoDxHjfWuDA&dib_tag=se&keywords=samsung+phone&qid=1781450890
Samsung Galaxy S24 5G US Version 128GB Onyx Black - Unlocked (Renewed),,Samsung,Android 14,8 GB,Snapdragon,3.4 GHz,(412),https://www.amazon.com/SAMSUNG-Galaxy-S24-Version-128GB/dp/B0D364RMMP/ref=sr_1_55?dib=eyJ2IjoiMSJ9.07lmXsOfDyfuWLSDJ5r8JKDx57JLox5eP8XK6ewpgyaPeIG8OIj5ssizBdfD0-cpA9_AwBq7rdCKXYv2LwQ7T1pE27TUXshDJ60M1qv-quzbkbnKXGTMuhhbQimBMGhBgnABgRV7q0BfPWFIBHGzsCjQZgVoEbmV1tvbxifGDKA7GepSkxcWin49N1cplUQweJw_MLjk4EVxnTb5F9u_z7CwkHMWxJ9eDcbGT7AeVPQ.mJlusBBkLdoN9HadLVv8_JfJKjL1ATLcKoDxHjfWuDA&dib_tag=se&keywords=samsung+phone&qid=1781450890
Samsung Galaxy S22+ Plus 5G US Version 256GB Phantom Black - Unlocked (Renewed),,Samsung,Android 12.0,8 GB,Snapdragon,2.5 GHz,(1999),https://www.amazon.com/SAMSUNG-Galaxy-S22-Version-Phantom/dp/B0B6D53G2V/ref=sr_1_54?dib=eyJ2IjoiMSJ9.07lmXsOfDyfuWLSDJ5r8JKDx57JLox5eP8XK6ewpgyaPeIG8OIj5ssizBdfD0-cpA9_AwBq7rdCKXYv2LwQ7T1pE27TUXshDJ60M1qv-quzbkbnKXGTMuhhbQimBMGhBgnABgRV7q0BfPWFIBHGzsCjQZgVoEbmV1tvbxifGDKA7GepSkxcWin49N1cplUQweJw_MLjk4EVxnTb5F9u_z7CwkHMWxJ9eDcbGT7AeVPQ.mJlusBBkLdoN9HadLVv8_JfJKjL1ATLcKoDxHjfWuDA&dib_tag=se&keywords=samsung%2Bphone&qid=1781450890&th=1
SAMSUNG Galaxy XCover6 Pro 5G | Rugged (IP68 Rated) Unlocked (Verizon AT&T T-Mobile US Cellular) | Dual Sim (1 Nano + 1 eSIM) | 128GB | US Version (2022 Model) | Black (SM-G736UZKEXAA),,Samsung,"Android 12.0, One UI",6 GB,Snapdragon,2.4 GHz,(195),https://www.amazon.com/SAMSUNG-Unlocked-T-Mobile-Cellular-SM-G736UZKEXAA/dp/B0BDBSBBDX/ref=sr_1_53?dib=eyJ2IjoiMSJ9.07lmXsOfDyfuWLSDJ5r8JKDx57JLox5eP8XK6ewpgyaPeIG8OIj5ssizBdfD0-cpA9_AwBq7rdCKXYv2LwQ7T1pE27TUXshDJ60M1qv-quzbkbnKXGTMuhhbQimBMGhBgnABgRV7q0BfPWFIBHGzsCjQZgVoEbmV1tvbxifGDKA7GepSkxcWin49N1cplUQweJw_MLjk4EVxnTb5F9u_z7CwkHMWxJ9eDcbGT7AeVPQ.mJlusBBkLdoN9HadLVv8_JfJKjL1ATLcKoDxHjfWuDA&dib_tag=se&keywords=samsung%2Bphone&qid=1781450890&th=1
Samsung Galaxy A17 5G Ai (128GB + 4GB) Unlocked (Compatible with T-Mobile Mint Tello & Global) SM-A176B/DS Dual SIM / 6.7 50MP Triple - (Gray),,Samsung,Android 15,4 GB,1.2GHz Cortex A13 Processor,5 GHz,,https://www.amazon.com/Samsung-Unlocked-Compatible-SM-A176B-DS/dp/B0H1S9BGD4/ref=sr_1_52?dib=eyJ2IjoiMSJ9.07lmXsOfDyfuWLSDJ5r8JKDx57JLox5eP8XK6ewpgyaPeIG8OIj5ssizBdfD0-cpA9_AwBq7rdCKXYv2LwQ7T1pE27TUXshDJ60M1qv-quzbkbnKXGTMuhhbQimBMGhBgnABgRV7q0BfPWFIBHGzsCjQZgVoEbmV1tvbxifGDKA7GepSkxcWin49N1cplUQweJw_MLjk4EVxnTb5F9u_z7CwkHMWxJ9eDcbGT7AeVPQ.mJlusBBkLdoN9HadLVv8_JfJKjL1ATLcKoDxHjfWuDA&dib_tag=se&keywords=samsung%2Bphone&qid=1781450890&th=1
Samsung Galaxy A32 5G 64GB Black - Unlocked (GSM Only) (Renewed),,Samsung,Android 11.0,4 GB,Mediatek Dimensity 920,2 GHz,(1553),https://www.amazon.com/Samsung-Galaxy-A32-T-Mobile-Smartphone/dp/B09B1NY84G/ref=sr_1_51?dib=eyJ2IjoiMSJ9.07lmXsOfDyfuWLSDJ5r8JKDx57JLox5eP8XK6ewpgyaPeIG8OIj5ssizBdfD0-cpA9_AwBq7rdCKXYv2LwQ7T1pE27TUXshDJ60M1qv-quzbkbnKXGTMuhhbQimBMGhBgnABgRV7q0BfPWFIBHGzsCjQZgVoEbmV1tvbxifGDKA7GepSkxcWin49N1cplUQweJw_MLjk4EVxnTb5F9u_z7CwkHMWxJ9eDcbGT7AeVPQ.mJlusBBkLdoN9HadLVv8_JfJKjL1ATLcKoDxHjfWuDA&dib_tag=se&keywords=samsung+phone&qid=1781450890
Samsung Galaxy Z Fold7 256GB Blue Shadow - Unlocked (Renewed),,Samsung,Android,12 GB,Snapdragon,3.5 GHz,(94),https://www.amazon.com/Samsung-Smartphone-Unlocked-Manufacturer-Warranty/dp/B0FPTDZZGN/ref=sr_1_50?dib=eyJ2IjoiMSJ9.07lmXsOfDyfuWLSDJ5r8JKDx57JLox5eP8XK6ewpgyaPeIG8OIj5ssizBdfD0-cpA9_AwBq7rdCKXYv2LwQ7T1pE27TUXshDJ60M1qv-quzbkbnKXGTMuhhbQimBMGhBgnABgRV7q0BfPWFIBHGzsCjQZgVoEbmV1tvbxifGDKA7GepSkxcWin49N1cplUQweJw_MLjk4EVxnTb5F9u_z7CwkHMWxJ9eDcbGT7AeVPQ.mJlusBBkLdoN9HadLVv8_JfJKjL1ATLcKoDxHjfWuDA&dib_tag=se&keywords=samsung%2Bphone&qid=1781450890&th=1
Samsung Galaxy Note 20 5G 128GB + 8GB RAM Mystic Bronze - Unlocked (Renewed),,Samsung,Android,8 GB,Snapdragon,2.4 GHz,(1434),https://www.amazon.com/Samsung-Snapdragon-Unlocked-Verizon-Renewed/dp/B08HKRVZ4W/ref=sr_1_49?dib=eyJ2IjoiMSJ9.07lmXsOfDyfuWLSDJ5r8JKDx57JLox5eP8XK6ewpgyaPeIG8OIj5ssizBdfD0-cpA9_AwBq7rdCKXYv2LwQ7T1pE27TUXshDJ60M1qv-quzbkbnKXGTMuhhbQimBMGhBgnABgRV7q0BfPWFIBHGzsCjQZgVoEbmV1tvbxifGDKA7GepSkxcWin49N1cplUQweJw_MLjk4EVxnTb5F9u_z7CwkHMWxJ9eDcbGT7AeVPQ.mJlusBBkLdoN9HadLVv8_JfJKjL1ATLcKoDxHjfWuDA&dib_tag=se&keywords=samsung+phone&qid=1781450890
Samsung Galaxy S21 FE 5G Cell Phone Factory Unlocked Android Smartphone 256GB 120Hz Display Screen Pro Grade Camera All Day Intelligent Battery US Version Graphite,,Samsung,Android 12.0,6 GB,Snapdragon,,(15072),https://www.amazon.com/Samsung-Unlocked-Smartphone-Intelligent-Graphite/dp/B09BFSCCNB/ref=sr_1_48?dib=eyJ2IjoiMSJ9.rDhxeDzKya70gewZg8JUosZZXYP9lrse3FDgtD-CdzyCP-fwUBjmxmjDk-_eLEOHJf6bqRu3JwY4KKl09LlvCQ6lBZOIaBNaJtgW6IR62z14nHSH9xbKw2CbQZdnbfSR6Qq5N3dAFcRKI-ZUy96oGcsMV4TXqf3xeCV8QBlqaJlrxyLVI5xXCGF6kODVk4HR6XvX7OaIPp26Cllgk3aYGaf687FthuJpM9Au1NSHK-U.uYVDPBOJtnqbMB26MhwgofrZuirqG2w-pJxLRsU8iS0&dib_tag=se&keywords=samsung%2Bphone&qid=1781450885&th=1
Samsung Galaxy S22 Ultra 5G US Version 128GB Black - Unlocked (Renewed),,Samsung,Android,8 GB,Snapdragon,2.5 GHz,(2847),https://www.amazon.com/Samsung-Galaxy-S22-5G-Unlocked/dp/B09VD33WHW/ref=sr_1_47?dib=eyJ2IjoiMSJ9.rDhxeDzKya70gewZg8JUosZZXYP9lrse3FDgtD-CdzyCP-fwUBjmxmjDk-_eLEOHJf6bqRu3JwY4KKl09LlvCQ6lBZOIaBNaJtgW6IR62z14nHSH9xbKw2CbQZdnbfSR6Qq5N3dAFcRKI-ZUy96oGcsMV4TXqf3xeCV8QBlqaJlrxyLVI5xXCGF6kODVk4HR6XvX7OaIPp26Cllgk3aYGaf687FthuJpM9Au1NSHK-U.uYVDPBOJtnqbMB26MhwgofrZuirqG2w-pJxLRsU8iS0&dib_tag=se&keywords=samsung+phone&qid=1781450885
Tracfone Samsung Galaxy A03s 32GB [Activation Promo Incl: 1500Min/1500Txt/1500MB 365 Days Service Plan] Prepaid Smartphone (Locked to Tracfone) 6.5 HD+ LCD Infinity-V Disp. 13MP Cam BK Android 11,,Tracfone,Android 11.0,3 GB,,,(28),https://www.amazon.com/Tracfone-Samsung-Galaxy-Activation-Promo/dp/B0GL9NQTR2/ref=sr_1_46?dib=eyJ2IjoiMSJ9.rDhxeDzKya70gewZg8JUosZZXYP9lrse3FDgtD-CdzyCP-fwUBjmxmjDk-_eLEOHJf6bqRu3JwY4KKl09LlvCQ6lBZOIaBNaJtgW6IR62z14nHSH9xbKw2CbQZdnbfSR6Qq5N3dAFcRKI-ZUy96oGcsMV4TXqf3xeCV8QBlqaJlrxyLVI5xXCGF6kODVk4HR6XvX7OaIPp26Cllgk3aYGaf687FthuJpM9Au1NSHK-U.uYVDPBOJtnqbMB26MhwgofrZuirqG2w-pJxLRsU8iS0&dib_tag=se&keywords=samsung+phone&qid=1781450885
Samsung Galaxy S25 5G SM-S931B/DS 256GB 12GB Dual SIM Factory Unlocked GSM Smartphone 6.2 120Hz AMOLED Display 50MP Cameras - International Version (Navy),,Samsung,Android 15,12 GB,Snapdragon 8 Elite,4470 MHz,(28),https://www.amazon.com/Samsung-SM-S931B-Factory-Unlocked-Smartphone/dp/B0DSLTZFXN/ref=sr_1_45?dib=eyJ2IjoiMSJ9.rDhxeDzKya70gewZg8JUosZZXYP9lrse3FDgtD-CdzyCP-fwUBjmxmjDk-_eLEOHJf6bqRu3JwY4KKl09LlvCQ6lBZOIaBNaJtgW6IR62z14nHSH9xbKw2CbQZdnbfSR6Qq5N3dAFcRKI-ZUy96oGcsMV4TXqf3xeCV8QBlqaJlrxyLVI5xXCGF6kODVk4HR6XvX7OaIPp26Cllgk3aYGaf687FthuJpM9Au1NSHK-U.uYVDPBOJtnqbMB26MhwgofrZuirqG2w-pJxLRsU8iS0&dib_tag=se&keywords=samsung+phone&qid=1781450885
SAMSUNG Galaxy A05 (SM-A055M/DS) 128GB 4GB RAM Dual SIM Factory Unlocked GSM International Version (Wall Charger Bundle) - (Black),,Samsung,Android,6 GB,,,(1094),https://www.amazon.com/SAMSUNG-Galaxy-Unlocked-Global-DS/dp/B0CRFB8HW4/ref=sr_1_44?dib=eyJ2IjoiMSJ9.rDhxeDzKya70gewZg8JUosZZXYP9lrse3FDgtD-CdzyCP-fwUBjmxmjDk-_eLEOHJf6bqRu3JwY4KKl09LlvCQ6lBZOIaBNaJtgW6IR62z14nHSH9xbKw2CbQZdnbfSR6Qq5N3dAFcRKI-ZUy96oGcsMV4TXqf3xeCV8QBlqaJlrxyLVI5xXCGF6kODVk4HR6XvX7OaIPp26Cllgk3aYGaf687FthuJpM9Au1NSHK-U.uYVDPBOJtnqbMB26MhwgofrZuirqG2w-pJxLRsU8iS0&dib_tag=se&keywords=samsung%2Bphone&qid=1781450885&th=1
Samsung Galaxy S23+ Plus 5G US Version 256GB Phantom Black - Unlocked (Renewed),,Samsung,Android,8 GB,Snapdragon,2.8 GHz,(1920),https://www.amazon.com/SAMSUNG-Galaxy-S23-Plus-Smartphone/dp/B0C4Q796XC/ref=sr_1_43?dib=eyJ2IjoiMSJ9.rDhxeDzKya70gewZg8JUosZZXYP9lrse3FDgtD-CdzyCP-fwUBjmxmjDk-_eLEOHJf6bqRu3JwY4KKl09LlvCQ6lBZOIaBNaJtgW6IR62z14nHSH9xbKw2CbQZdnbfSR6Qq5N3dAFcRKI-ZUy96oGcsMV4TXqf3xeCV8QBlqaJlrxyLVI5xXCGF6kODVk4HR6XvX7OaIPp26Cllgk3aYGaf687FthuJpM9Au1NSHK-U.uYVDPBOJtnqbMB26MhwgofrZuirqG2w-pJxLRsU8iS0&dib_tag=se&keywords=samsung+phone&qid=1781450885
SAMSUNG Galaxy S25 Ultra SM-S938B/DS 512GB 12GB RAM AI Smartphone Factory Unlocked Global Model - Titanium Silverblue,,Samsung,Android,12 GB,Others,4.47 GHz,(57),https://www.amazon.com/SAMSUNG-SM-S938B-Smartphone-Factory-Unlocked/dp/B0DV4279JP/ref=sr_1_42?dib=eyJ2IjoiMSJ9.rDhxeDzKya70gewZg8JUosZZXYP9lrse3FDgtD-CdzyCP-fwUBjmxmjDk-_eLEOHJf6bqRu3JwY4KKl09LlvCQ6lBZOIaBNaJtgW6IR62z14nHSH9xbKw2CbQZdnbfSR6Qq5N3dAFcRKI-ZUy96oGcsMV4TXqf3xeCV8QBlqaJlrxyLVI5xXCGF6kODVk4HR6XvX7OaIPp26Cllgk3aYGaf687FthuJpM9Au1NSHK-U.uYVDPBOJtnqbMB26MhwgofrZuirqG2w-pJxLRsU8iS0&dib_tag=se&keywords=samsung+phone&qid=1781450885
Samsung Galaxy Z Fold 5 5G US Version 512GB ICY Blue - Unlocked (Renewed),,Samsung,Android,12 GB,Snapdragon,3.36 GHz,(68),https://www.amazon.com/SAMSUNG-Galaxy-Fold-Foldable-Smartphone/dp/B0CNBH19VG/ref=sr_1_41?dib=eyJ2IjoiMSJ9.rDhxeDzKya70gewZg8JUosZZXYP9lrse3FDgtD-CdzyCP-fwUBjmxmjDk-_eLEOHJf6bqRu3JwY4KKl09LlvCQ6lBZOIaBNaJtgW6IR62z14nHSH9xbKw2CbQZdnbfSR6Qq5N3dAFcRKI-ZUy96oGcsMV4TXqf3xeCV8QBlqaJlrxyLVI5xXCGF6kODVk4HR6XvX7OaIPp26Cllgk3aYGaf687FthuJpM9Au1NSHK-U.uYVDPBOJtnqbMB26MhwgofrZuirqG2w-pJxLRsU8iS0&dib_tag=se&keywords=samsung+phone&qid=1781450885
SAMSUNG Galaxy A16 5G Android Smartphone AMOLED Display Fast Charging Expandable Storage US Version Blue Black only for T-Mobile Network,,Samsung,Android,4 GB,MediaTek Kompanio 800T,2.2 GHz,(43),https://www.amazon.com/SAMSUNG-Smartphone-Charging-Expandable-T-Mobile/dp/B0DYMXWDSY/ref=sr_1_40?dib=eyJ2IjoiMSJ9.rDhxeDzKya70gewZg8JUosZZXYP9lrse3FDgtD-CdzyCP-fwUBjmxmjDk-_eLEOHJf6bqRu3JwY4KKl09LlvCQ6lBZOIaBNaJtgW6IR62z14nHSH9xbKw2CbQZdnbfSR6Qq5N3dAFcRKI-ZUy96oGcsMV4TXqf3xeCV8QBlqaJlrxyLVI5xXCGF6kODVk4HR6XvX7OaIPp26Cllgk3aYGaf687FthuJpM9Au1NSHK-U.uYVDPBOJtnqbMB26MhwgofrZuirqG2w-pJxLRsU8iS0&dib_tag=se&keywords=samsung+phone&qid=1781450885
Samsung Galaxy A36 5G 2025 | 256GB Dual SIM | 6.7 120Hz AMOLED IP67 Water Resistant Android 15 | International Model Factory Unlocked for T-Mobile & Global | 25W Fast Charger Bundle (Lavender),,Samsung,Android 15,8 GB,1.2GHz Cortex A13 Processor,4 GHz,(69),https://www.amazon.com/SAMSUNG-Resistant-International-Unlocked-T-Mobile/dp/B0F49DVV9T/ref=sr_1_39?dib=eyJ2IjoiMSJ9.rDhxeDzKya70gewZg8JUosZZXYP9lrse3FDgtD-CdzyCP-fwUBjmxmjDk-_eLEOHJf6bqRu3JwY4KKl09LlvCQ6lBZOIaBNaJtgW6IR62z14nHSH9xbKw2CbQZdnbfSR6Qq5N3dAFcRKI-ZUy96oGcsMV4TXqf3xeCV8QBlqaJlrxyLVI5xXCGF6kODVk4HR6XvX7OaIPp26Cllgk3aYGaf687FthuJpM9Au1NSHK-U.uYVDPBOJtnqbMB26MhwgofrZuirqG2w-pJxLRsU8iS0&dib_tag=se&keywords=samsung+phone&qid=1781450885
Samsung Galaxy A10e 32GB A102U GSM Unlocked Phone - Black (Renewed),,Samsung,Android 9.0,32 GB,Others,1.61 GHz,(4260),https://www.amazon.com/Samsung-Galaxy-A102U-Unlocked-Phone/dp/B084KS5WYC/ref=sr_1_38?dib=eyJ2IjoiMSJ9.rDhxeDzKya70gewZg8JUosZZXYP9lrse3FDgtD-CdzyCP-fwUBjmxmjDk-_eLEOHJf6bqRu3JwY4KKl09LlvCQ6lBZOIaBNaJtgW6IR62z14nHSH9xbKw2CbQZdnbfSR6Qq5N3dAFcRKI-ZUy96oGcsMV4TXqf3xeCV8QBlqaJlrxyLVI5xXCGF6kODVk4HR6XvX7OaIPp26Cllgk3aYGaf687FthuJpM9Au1NSHK-U.uYVDPBOJtnqbMB26MhwgofrZuirqG2w-pJxLRsU8iS0&dib_tag=se&keywords=samsung+phone&qid=1781450885
Samsung Galaxy S20 FE 5G 128GB + 6GB RAM Cloud Navy - Unlocked (Renewed),,Samsung,Android,8 GB,Snapdragon,2.84 GHz,(2260),https://www.amazon.com/Galaxy-S20-FE-5G-Snapdragon/dp/B08Y7ZQQ81/ref=sr_1_37?dib=eyJ2IjoiMSJ9.rDhxeDzKya70gewZg8JUosZZXYP9lrse3FDgtD-CdzyCP-fwUBjmxmjDk-_eLEOHJf6bqRu3JwY4KKl09LlvCQ6lBZOIaBNaJtgW6IR62z14nHSH9xbKw2CbQZdnbfSR6Qq5N3dAFcRKI-ZUy96oGcsMV4TXqf3xeCV8QBlqaJlrxyLVI5xXCGF6kODVk4HR6XvX7OaIPp26Cllgk3aYGaf687FthuJpM9Au1NSHK-U.uYVDPBOJtnqbMB26MhwgofrZuirqG2w-pJxLRsU8iS0&dib_tag=se&keywords=samsung+phone&qid=1781450885
Samsung Galaxy S24+ Plus 5G US Version 256GB Marble Gray - Unlocked (Renewed),,Samsung,Android,12 GB,Snapdragon,2.9 GHz,(296),https://www.amazon.com/SAMSUNG-Galaxy-S24-Version-Marble/dp/B0D3658SHD/ref=sr_1_36?dib=eyJ2IjoiMSJ9.rDhxeDzKya70gewZg8JUosZZXYP9lrse3FDgtD-CdzyCP-fwUBjmxmjDk-_eLEOHJf6bqRu3JwY4KKl09LlvCQ6lBZOIaBNaJtgW6IR62z14nHSH9xbKw2CbQZdnbfSR6Qq5N3dAFcRKI-ZUy96oGcsMV4TXqf3xeCV8QBlqaJlrxyLVI5xXCGF6kODVk4HR6XvX7OaIPp26Cllgk3aYGaf687FthuJpM9Au1NSHK-U.uYVDPBOJtnqbMB26MhwgofrZuirqG2w-pJxLRsU8iS0&dib_tag=se&keywords=samsung+phone&qid=1781450885
Motorola Moto G Play LTE | Unlocked | Made for US 4/64GB | 50MP Camera | Sapphire Blue,,Motorola,Android 13.0,4 GB,Qualcomm Snapdragon MSM8260A,2.4E+3 MHz,(1759),https://www.amazon.com/Moto-Play-Unlocked-Camera-Sapphire/dp/B0CP6DDN1H/ref=sr_1_35?dib=eyJ2IjoiMSJ9.rDhxeDzKya70gewZg8JUosZZXYP9lrse3FDgtD-CdzyCP-fwUBjmxmjDk-_eLEOHJf6bqRu3JwY4KKl09LlvCQ6lBZOIaBNaJtgW6IR62z14nHSH9xbKw2CbQZdnbfSR6Qq5N3dAFcRKI-ZUy96oGcsMV4TXqf3xeCV8QBlqaJlrxyLVI5xXCGF6kODVk4HR6XvX7OaIPp26Cllgk3aYGaf687FthuJpM9Au1NSHK-U.uYVDPBOJtnqbMB26MhwgofrZuirqG2w-pJxLRsU8iS0&dib_tag=se&keywords=samsung%2Bphone&qid=1781450885&th=1
Samsung Galaxy A14 5G 64GB Black - Unlocked (Renewed),,Samsung,Android 13.0,4 GB,Core i5,2 GHz,(2125),https://www.amazon.com/Samsung-Galaxy-A14-64GB-Black/dp/B0C1Q3MVBP/ref=sr_1_34?dib=eyJ2IjoiMSJ9.rDhxeDzKya70gewZg8JUosZZXYP9lrse3FDgtD-CdzyCP-fwUBjmxmjDk-_eLEOHJf6bqRu3JwY4KKl09LlvCQ6lBZOIaBNaJtgW6IR62z14nHSH9xbKw2CbQZdnbfSR6Qq5N3dAFcRKI-ZUy96oGcsMV4TXqf3xeCV8QBlqaJlrxyLVI5xXCGF6kODVk4HR6XvX7OaIPp26Cllgk3aYGaf687FthuJpM9Au1NSHK-U.uYVDPBOJtnqbMB26MhwgofrZuirqG2w-pJxLRsU8iS0&dib_tag=se&keywords=samsung+phone&qid=1781450885
SAMSUNG Galaxy S23 5G SM-S911B/DS 128GB 8GB RAM 50 MP Camera Factory Unlocked – Phantom Black,,Samsung,Android 13.0,8 GB,Snapdragon,2.8 GHz,(156),https://www.amazon.com/SAMSUNG-Galaxy-SM-S911B-Factory-Unlocked/dp/B0BSLDLVYM/ref=sr_1_33?dib=eyJ2IjoiMSJ9.rDhxeDzKya70gewZg8JUosZZXYP9lrse3FDgtD-CdzyCP-fwUBjmxmjDk-_eLEOHJf6bqRu3JwY4KKl09LlvCQ6lBZOIaBNaJtgW6IR62z14nHSH9xbKw2CbQZdnbfSR6Qq5N3dAFcRKI-ZUy96oGcsMV4TXqf3xeCV8QBlqaJlrxyLVI5xXCGF6kODVk4HR6XvX7OaIPp26Cllgk3aYGaf687FthuJpM9Au1NSHK-U.uYVDPBOJtnqbMB26MhwgofrZuirqG2w-pJxLRsU8iS0&dib_tag=se&keywords=samsung+phone&qid=1781450885
SURITCH for Samsung Galaxy S26 Plus Phone Case Magnetic Protective Cover with Camera Cover & Adjustable Metal Kickstand for Galaxy S26 Plus -Black,,SURITCH,,,,,(3459),https://www.amazon.com/SURITCH-Samsung-Galaxy-S26-Plus/dp/B0GJ8VX66H/ref=sxbs_pa_sp_search_thematic_btf_sspa?content-id=amzn1.sym.2fa0bf97-28e9-4900-9b17-5084270e6a7e%3Aamzn1.sym.2fa0bf97-28e9-4900-9b17-5084270e6a7e&cv_ct_cx=samsung%2Bphone&keywords=samsung%2Bphone&pd_rd_i=B0GJ8VX66H&pd_rd_r=0f21126d-de8c-4a5e-a79f-d5612d3b1249&pd_rd_w=mBSO4&pd_rd_wg=tvfGf&pf_rd_p=2fa0bf97-28e9-4900-9b17-5084270e6a7e&pf_rd_r=322BDXMZPSJQ8EKSSQT1&qid=1781450880&sbo=RZvfv%2F%2FHxDF%2BO5021pAnSA%3D%3D&sr=1-21-00f96236-6fb3-4e90-80da-273d1668ad7d-spons&aref=H6cu0TxqTM&sp_csd=d2lkZ2V0TmFtZT1zcF9zZWFyY2hfdGhlbWF0aWNfYnRm&th=1
ANTSHARE IP68 Waterproof Case for Samsung Galaxy S26 Ultra [2026] - MagSafe Compatible Built-in Screen/Lens Protector - Shockproof Full Body Protection for Swimming/Outdoor Black/Clear,,ANTSHARE,,,,,(10396),https://www.amazon.com/ANTSHARE-Waterproof-Samsung-Galaxy-Built/dp/B0GF1K33N5/ref=sxbs_pa_sp_search_thematic_btf_sspa?content-id=amzn1.sym.2fa0bf97-28e9-4900-9b17-5084270e6a7e%3Aamzn1.sym.2fa0bf97-28e9-4900-9b17-5084270e6a7e&cv_ct_cx=samsung%2Bphone&keywords=samsung%2Bphone&pd_rd_i=B0GF1K33N5&pd_rd_r=0f21126d-de8c-4a5e-a79f-d5612d3b1249&pd_rd_w=mBSO4&pd_rd_wg=tvfGf&pf_rd_p=2fa0bf97-28e9-4900-9b17-5084270e6a7e&pf_rd_r=322BDXMZPSJQ8EKSSQT1&qid=1781450880&sbo=RZvfv%2F%2FHxDF%2BO5021pAnSA%3D%3D&sr=1-20-00f96236-6fb3-4e90-80da-273d1668ad7d-spons&aref=DbnlseDxXf&sp_csd=d2lkZ2V0TmFtZT1zcF9zZWFyY2hfdGhlbWF0aWNfYnRm&th=1
SUPCASE for Samsung Galaxy S26 Ultra Case with Stand & Belt-Clip (Unicorn Beetle Pro) [2 Tempered Glass Screen Protectors & Front Frame] Military-Grade Protective Phone Case for S26 Ultra Black,,SUPCASE,,,,,(3108),https://www.amazon.com/SUPCASE-Belt-Clip-Protectors-Military-Grade-Protective/dp/B0G5YVD787/ref=sxbs_pa_sp_search_thematic_btf_sspa?content-id=amzn1.sym.2fa0bf97-28e9-4900-9b17-5084270e6a7e%3Aamzn1.sym.2fa0bf97-28e9-4900-9b17-5084270e6a7e&cv_ct_cx=samsung%2Bphone&keywords=samsung%2Bphone&pd_rd_i=B0G5YVD787&pd_rd_r=0f21126d-de8c-4a5e-a79f-d5612d3b1249&pd_rd_w=mBSO4&pd_rd_wg=tvfGf&pf_rd_p=2fa0bf97-28e9-4900-9b17-5084270e6a7e&pf_rd_r=322BDXMZPSJQ8EKSSQT1&qid=1781450880&sbo=RZvfv%2F%2FHxDF%2BO5021pAnSA%3D%3D&sr=1-19-00f96236-6fb3-4e90-80da-273d1668ad7d-spons&aref=K4Dt87xX3z&sp_csd=d2lkZ2V0TmFtZT1zcF9zZWFyY2hfdGhlbWF0aWNfYnRm&th=1
Motorola razr+ | 2023 | Unlocked | Made for US 8/256 | 32 MPCamera |Blue,,Motorola,Android 13.0,8 GB,Snapdragon,2.2 GHz,(890),https://www.amazon.com/Motorola-razr-Unlocked-MPCamera-73-95x170-83x6-99mm/dp/B0C2X87QW4/ref=sxbs_pa_sp_search_thematic_btf_sspa?content-id=amzn1.sym.2fa0bf97-28e9-4900-9b17-5084270e6a7e%3Aamzn1.sym.2fa0bf97-28e9-4900-9b17-5084270e6a7e&cv_ct_cx=samsung%2Bphone&keywords=samsung%2Bphone&pd_rd_i=B0C2X87QW4&pd_rd_r=0f21126d-de8c-4a5e-a79f-d5612d3b1249&pd_rd_w=mBSO4&pd_rd_wg=tvfGf&pf_rd_p=2fa0bf97-28e9-4900-9b17-5084270e6a7e&pf_rd_r=322BDXMZPSJQ8EKSSQT1&qid=1781450880&sbo=RZvfv%2F%2FHxDF%2BO5021pAnSA%3D%3D&sr=1-18-00f96236-6fb3-4e90-80da-273d1668ad7d-spons&aref=1eAOXfFLLK&sp_csd=d2lkZ2V0TmFtZT1zcF9zZWFyY2hfdGhlbWF0aWNfYnRm&th=1
Fadnou S25 Ultra Unlocked Cell Phone Built in Pen Smartphone Battery 7000mAh 6.99 HD Screen Unlocked Phones 16+512GB 5G The Phone Android 14 Face ID/Fingerprint Lock/GPS (Orange),,Fadnou,Android 14,16 GB,Snapdragon,,(12),https://www.amazon.com/Fadnou-I25-Ultra-Smartphone-Fingerprint/dp/B0DSQ7YPX9/ref=sxbs_pa_sp_search_thematic_btf_sspa?content-id=amzn1.sym.2fa0bf97-28e9-4900-9b17-5084270e6a7e%3Aamzn1.sym.2fa0bf97-28e9-4900-9b17-5084270e6a7e&cv_ct_cx=samsung+phone&keywords=samsung+phone&pd_rd_i=B0DSQ7YPX9&pd_rd_r=0f21126d-de8c-4a5e-a79f-d5612d3b1249&pd_rd_w=mBSO4&pd_rd_wg=tvfGf&pf_rd_p=2fa0bf97-28e9-4900-9b17-5084270e6a7e&pf_rd_r=322BDXMZPSJQ8EKSSQT1&qid=1781450880&sbo=RZvfv%2F%2FHxDF%2BO5021pAnSA%3D%3D&sr=1-17-00f96236-6fb3-4e90-80da-273d1668ad7d-spons&aref=CTiltJzKgY&sp_csd=d2lkZ2V0TmFtZT1zcF9zZWFyY2hfdGhlbWF0aWNfYnRm&psc=1
16PM 5G Unlocked Smartphone12GB+512GB 7000mAh Fully Cell Phone for Android 14 6.99 HD Screen Unlocked Cell Phone 68MP+108MP Dual Camera/Dual SIM/Fingerprint (Deep Purple),,zrchjm,Android 14,,,,(3),https://www.amazon.com/zrchjm-Unlocked-Smartphone-7000mAh-Fingerprint/dp/B0G39ZYXB5/ref=sr_1_38_sspa?dib=eyJ2IjoiMSJ9.LJWcd-ypsGs3xpO490bolMegpqGGZTRfiiIRHRSvoVklMQuR9rPnNX0Qe0u1xlKRmT84HPTwz8vK-Fuz7joHUVbjEQ5DaYgO6Z1zvoSfdzTHzcXg7KE5yQD9purX7dehVDBwEFdCIoBxqsW0m2CdA1yyMHDh91L1u2byVW9HFbn4FQ1CWKQLCXPfhruF8Wu9g69phCI7Tohphs3QhkVju3G5djiBUhNuzoDE2b-flkc.d1FJhhIcf-AwsRPkDNV6ivhff-Fq1maq5P_liemAnk8&dib_tag=se&keywords=samsung%2Bphone&qid=1781450880&sp_csd=d2lkZ2V0TmFtZT1zcF9idGY&th=1
WWT 26 Ultra Unlocked PhoneAndroid 15 12+512GB SmartphoneBuilt in Pen The PhoneCell Phone Battery 7000mAh 6.99 HD ScreenDual SIM/5G/Face ID/Fingerprint Lock/GPS (Rose Gold 12+512GB),,WWT,Android 14,512 GB,Snapdragon S5,3.2 GHz,(2),https://www.amazon.com/WWT-26-Ultra-Smartphone-Fingerprint/dp/B0G8M9MHTH/ref=sr_1_37_sspa?dib=eyJ2IjoiMSJ9.LJWcd-ypsGs3xpO490bolMegpqGGZTRfiiIRHRSvoVklMQuR9rPnNX0Qe0u1xlKRmT84HPTwz8vK-Fuz7joHUVbjEQ5DaYgO6Z1zvoSfdzTHzcXg7KE5yQD9purX7dehVDBwEFdCIoBxqsW0m2CdA1yyMHDh91L1u2byVW9HFbn4FQ1CWKQLCXPfhruF8Wu9g69phCI7Tohphs3QhkVju3G5djiBUhNuzoDE2b-flkc.d1FJhhIcf-AwsRPkDNV6ivhff-Fq1maq5P_liemAnk8&dib_tag=se&keywords=samsung%2Bphone&qid=1781450880&sp_csd=d2lkZ2V0TmFtZT1zcF9idGY&th=1
MMY I25 Ultra 5G Unlocked Smartphone16GB+512GB Fully Cell Phone for Android 14 6.99 Unlocked Cell Phone 7000mAh 68MP+108MP Dual Camera/Dual SIM/Fingerprint Lock/Face (Pink),,MMY,Android 14,512 GB,,,(47),https://www.amazon.com/MMY-I25-Ultra-Smartphone-Fingerprint/dp/B0GF33TGNC/ref=sxin_33_pa_sp_search_thematic_sspa?content-id=amzn1.sym.a6b4529a-c41f-4cb8-b893-3e18e4cfe667%3Aamzn1.sym.a6b4529a-c41f-4cb8-b893-3e18e4cfe667&cv_ct_cx=samsung%2Bphone&keywords=samsung%2Bphone&pd_rd_i=B0GF33TGNC&pd_rd_r=1c6e844c-d31d-4737-90cc-a41c0522ce77&pd_rd_w=4j9DR&pd_rd_wg=oS1Ub&pf_rd_p=a6b4529a-c41f-4cb8-b893-3e18e4cfe667&pf_rd_r=322BDXMZPSJQ8EKSSQT1&qid=1781450880&sbo=RZvfv%2F%2FHxDF%2BO5021pAnSA%3D%3D&sr=1-21-f853d353-bf33-45e7-b5c2-2cb2b31abc9b-spons&aref=Ep0BHGuPtc&sp_csd=d2lkZ2V0TmFtZT1zcF9zZWFyY2hfdGhlbWF0aWM&th=1
SUPCASE for Samsung Galaxy S26 Ultra Case with Stand & Belt-Clip (Unicorn Beetle Pro) [2 Tempered Glass Screen Protectors & Front Frame] Military-Grade Protective Phone Case for S26 Ultra Black,,SUPCASE,,,,,(3108),https://www.amazon.com/SUPCASE-Belt-Clip-Protectors-Military-Grade-Protective/dp/B0G5YVD787/ref=sxin_33_pa_sp_search_thematic_sspa?content-id=amzn1.sym.a6b4529a-c41f-4cb8-b893-3e18e4cfe667%3Aamzn1.sym.a6b4529a-c41f-4cb8-b893-3e18e4cfe667&cv_ct_cx=samsung%2Bphone&keywords=samsung%2Bphone&pd_rd_i=B0G5YVD787&pd_rd_r=1c6e844c-d31d-4737-90cc-a41c0522ce77&pd_rd_w=4j9DR&pd_rd_wg=oS1Ub&pf_rd_p=a6b4529a-c41f-4cb8-b893-3e18e4cfe667&pf_rd_r=322BDXMZPSJQ8EKSSQT1&qid=1781450880&sbo=RZvfv%2F%2FHxDF%2BO5021pAnSA%3D%3D&sr=1-20-f853d353-bf33-45e7-b5c2-2cb2b31abc9b-spons&aref=K4Dt87xX3z&sp_csd=d2lkZ2V0TmFtZT1zcF9zZWFyY2hfdGhlbWF0aWM&th=1
SURITCH for Samsung Galaxy S26 Plus Phone Case Magnetic Protective Cover with Camera Cover & Adjustable Metal Kickstand for Galaxy S26 Plus -Black,,SURITCH,,,,,(3459),https://www.amazon.com/SURITCH-Samsung-Galaxy-S26-Plus/dp/B0GJ8VX66H/ref=sxin_33_pa_sp_search_thematic_sspa?content-id=amzn1.sym.a6b4529a-c41f-4cb8-b893-3e18e4cfe667%3Aamzn1.sym.a6b4529a-c41f-4cb8-b893-3e18e4cfe667&cv_ct_cx=samsung%2Bphone&keywords=samsung%2Bphone&pd_rd_i=B0GJ8VX66H&pd_rd_r=1c6e844c-d31d-4737-90cc-a41c0522ce77&pd_rd_w=4j9DR&pd_rd_wg=oS1Ub&pf_rd_p=a6b4529a-c41f-4cb8-b893-3e18e4cfe667&pf_rd_r=322BDXMZPSJQ8EKSSQT1&qid=1781450880&sbo=RZvfv%2F%2FHxDF%2BO5021pAnSA%3D%3D&sr=1-19-f853d353-bf33-45e7-b5c2-2cb2b31abc9b-spons&aref=H6cu0TxqTM&sp_csd=d2lkZ2V0TmFtZT1zcF9zZWFyY2hfdGhlbWF0aWM&th=1
ANTSHARE IP68 Waterproof Case for Samsung Galaxy S26 Ultra [2026] - MagSafe Compatible Built-in Screen/Lens Protector - Shockproof Full Body Protection for Swimming/Outdoor Black/Clear,,ANTSHARE,,,,,(10396),https://www.amazon.com/ANTSHARE-Waterproof-Samsung-Galaxy-Built/dp/B0GF1K33N5/ref=sxin_33_pa_sp_search_thematic_sspa?content-id=amzn1.sym.a6b4529a-c41f-4cb8-b893-3e18e4cfe667%3Aamzn1.sym.a6b4529a-c41f-4cb8-b893-3e18e4cfe667&cv_ct_cx=samsung%2Bphone&keywords=samsung%2Bphone&pd_rd_i=B0GF1K33N5&pd_rd_r=1c6e844c-d31d-4737-90cc-a41c0522ce77&pd_rd_w=4j9DR&pd_rd_wg=oS1Ub&pf_rd_p=a6b4529a-c41f-4cb8-b893-3e18e4cfe667&pf_rd_r=322BDXMZPSJQ8EKSSQT1&qid=1781450880&sbo=RZvfv%2F%2FHxDF%2BO5021pAnSA%3D%3D&sr=1-18-f853d353-bf33-45e7-b5c2-2cb2b31abc9b-spons&aref=DbnlseDxXf&sp_csd=d2lkZ2V0TmFtZT1zcF9zZWFyY2hfdGhlbWF0aWM&th=1
Motorola razr+ | 2023 | Unlocked | Made for US 8/256 | 32 MPCamera |Blue,,Motorola,Android 13.0,8 GB,Snapdragon,2.2 GHz,(890),https://www.amazon.com/Motorola-razr-Unlocked-MPCamera-73-95x170-83x6-99mm/dp/B0C2X87QW4/ref=sxin_33_pa_sp_search_thematic_sspa?content-id=amzn1.sym.a6b4529a-c41f-4cb8-b893-3e18e4cfe667%3Aamzn1.sym.a6b4529a-c41f-4cb8-b893-3e18e4cfe667&cv_ct_cx=samsung%2Bphone&keywords=samsung%2Bphone&pd_rd_i=B0C2X87QW4&pd_rd_r=1c6e844c-d31d-4737-90cc-a41c0522ce77&pd_rd_w=4j9DR&pd_rd_wg=oS1Ub&pf_rd_p=a6b4529a-c41f-4cb8-b893-3e18e4cfe667&pf_rd_r=322BDXMZPSJQ8EKSSQT1&qid=1781450880&sbo=RZvfv%2F%2FHxDF%2BO5021pAnSA%3D%3D&sr=1-17-f853d353-bf33-45e7-b5c2-2cb2b31abc9b-spons&aref=Oc8tkE2SSf&sp_csd=d2lkZ2V0TmFtZT1zcF9zZWFyY2hfdGhlbWF0aWM&th=1
Samsung Galaxy A32 5G (64GB 4GB) 6.5 90Hz Display 48MP Quad Camera All Day Battery GSM (T-Mobile Unlocked for AT&T Metro Global) 4G LTE A326U (Awesome Black),,Samsung,Android 11.0,64 GB,Allwinner A31,2 GHz,(89),https://www.amazon.com/Samsung-Display-Battery-T-Mobile-Unlocked/dp/B09B19KMZY/ref=sr_1_36?dib=eyJ2IjoiMSJ9.LJWcd-ypsGs3xpO490bolMegpqGGZTRfiiIRHRSvoVklMQuR9rPnNX0Qe0u1xlKRmT84HPTwz8vK-Fuz7joHUVbjEQ5DaYgO6Z1zvoSfdzTHzcXg7KE5yQD9purX7dehVDBwEFdCIoBxqsW0m2CdA1yyMHDh91L1u2byVW9HFbn4FQ1CWKQLCXPfhruF8Wu9g69phCI7Tohphs3QhkVju3G5djiBUhNuzoDE2b-flkc.d1FJhhIcf-AwsRPkDNV6ivhff-Fq1maq5P_liemAnk8&dib_tag=se&keywords=samsung+phone&qid=1781450880
Samsung Galaxy A26 5G with AI | 256GB 8GB Dual SIM | 6.7 120Hz AMOLED IP67 Water Resistant Android 15 | International Model Factory Unlocked for T-Mobile Global | 25W Charger Bundle (Mint),,Samsung,Android 15,8 GB,Exynos 1280 S5E8825,2.4 GHz,(533),https://www.amazon.com/SAMSUNG-Resistant-International-Unlocked-T-Mobile/dp/B0F2B1D586/ref=sr_1_35?dib=eyJ2IjoiMSJ9.LJWcd-ypsGs3xpO490bolMegpqGGZTRfiiIRHRSvoVklMQuR9rPnNX0Qe0u1xlKRmT84HPTwz8vK-Fuz7joHUVbjEQ5DaYgO6Z1zvoSfdzTHzcXg7KE5yQD9purX7dehVDBwEFdCIoBxqsW0m2CdA1yyMHDh91L1u2byVW9HFbn4FQ1CWKQLCXPfhruF8Wu9g69phCI7Tohphs3QhkVju3G5djiBUhNuzoDE2b-flkc.d1FJhhIcf-AwsRPkDNV6ivhff-Fq1maq5P_liemAnk8&dib_tag=se&keywords=samsung+phone&qid=1781450880
Samsung Galaxy S22 Plus 5G 128GB + 8GB RAM Phantom Black - Unlocked (Renewed),,Samsung,Android 12.0,6 GB,Snapdragon 8 Gen1,3 GHz,(604),https://www.amazon.com/Samsung-Galaxy-Plus-128GB-Unlocked/dp/B0B3P43FSM/ref=sr_1_34?dib=eyJ2IjoiMSJ9.LJWcd-ypsGs3xpO490bolMegpqGGZTRfiiIRHRSvoVklMQuR9rPnNX0Qe0u1xlKRmT84HPTwz8vK-Fuz7joHUVbjEQ5DaYgO6Z1zvoSfdzTHzcXg7KE5yQD9purX7dehVDBwEFdCIoBxqsW0m2CdA1yyMHDh91L1u2byVW9HFbn4FQ1CWKQLCXPfhruF8Wu9g69phCI7Tohphs3QhkVju3G5djiBUhNuzoDE2b-flkc.d1FJhhIcf-AwsRPkDNV6ivhff-Fq1maq5P_liemAnk8&dib_tag=se&keywords=samsung+phone&qid=1781450880
SAMSUNG Galaxy A26 5G with AI | 256GB 8GB Dual SIM | 6.7 120Hz AMOLED IP67 Water Resistant Android 15 | International Model Factory Unlocked for T-Mobile Global | 25W Charger Bundle (White),,Samsung,Android 15,8 GB,Exynos 1280 S5E8825,4.6 GHz,(521),https://www.amazon.com/SAMSUNG-Resistant-International-Unlocked-T-Mobile/dp/B0F2B2Y67V/ref=sr_1_33?dib=eyJ2IjoiMSJ9.LJWcd-ypsGs3xpO490bolMegpqGGZTRfiiIRHRSvoVklMQuR9rPnNX0Qe0u1xlKRmT84HPTwz8vK-Fuz7joHUVbjEQ5DaYgO6Z1zvoSfdzTHzcXg7KE5yQD9purX7dehVDBwEFdCIoBxqsW0m2CdA1yyMHDh91L1u2byVW9HFbn4FQ1CWKQLCXPfhruF8Wu9g69phCI7Tohphs3QhkVju3G5djiBUhNuzoDE2b-flkc.d1FJhhIcf-AwsRPkDNV6ivhff-Fq1maq5P_liemAnk8&dib_tag=se&keywords=samsung+phone&qid=1781450880
Samsung Galaxy A17 5G Ai (256GB + 8GB) Unlocked (Compatible with T-Mobile Mint Tello & Global) SM-A176B/DS Dual SIM / 6.7 50MP Triple (Black SM-A176BZKQGTO),,Samsung,android,,1.2GHz Cortex A13 Processor,5 GHz,(174),https://www.amazon.com/Samsung-Compatible-SM-A176B-DS-SM-A176BZKQGTO/dp/B0FNGGF1X8/ref=sr_1_32?dib=eyJ2IjoiMSJ9.LJWcd-ypsGs3xpO490bolMegpqGGZTRfiiIRHRSvoVklMQuR9rPnNX0Qe0u1xlKRmT84HPTwz8vK-Fuz7joHUVbjEQ5DaYgO6Z1zvoSfdzTHzcXg7KE5yQD9purX7dehVDBwEFdCIoBxqsW0m2CdA1yyMHDh91L1u2byVW9HFbn4FQ1CWKQLCXPfhruF8Wu9g69phCI7Tohphs3QhkVju3G5djiBUhNuzoDE2b-flkc.d1FJhhIcf-AwsRPkDNV6ivhff-Fq1maq5P_liemAnk8&dib_tag=se&keywords=samsung%2Bphone&qid=1781450880&th=1
Samsung Galaxy S25 Ultra 256GB Smartphone Unlocked Android AI Night Mode Camera Snapdragon 8 Elite Fast Processor 5000mAh Battery Built-in S Pen 2025 US 1 Yr Warranty Titanium Whitesilver,,Samsung,"Android 15, One UI 7",12 GB,Snapdragon,4.47 GHz,(4973),https://www.amazon.com/Smartphone-Unlocked-Processor-Manufacturer-Whitesilver/dp/B0DP3GP92Z/ref=sr_1_31?dib=eyJ2IjoiMSJ9.LJWcd-ypsGs3xpO490bolMegpqGGZTRfiiIRHRSvoVklMQuR9rPnNX0Qe0u1xlKRmT84HPTwz8vK-Fuz7joHUVbjEQ5DaYgO6Z1zvoSfdzTHzcXg7KE5yQD9purX7dehVDBwEFdCIoBxqsW0m2CdA1yyMHDh91L1u2byVW9HFbn4FQ1CWKQLCXPfhruF8Wu9g69phCI7Tohphs3QhkVju3G5djiBUhNuzoDE2b-flkc.d1FJhhIcf-AwsRPkDNV6ivhff-Fq1maq5P_liemAnk8&dib_tag=se&keywords=samsung+phone&qid=1781450880
Samsung Galaxy S24 Ultra 5G US Version 256GB Titanium Violet - Unlocked (Renewed),,Samsung,Android,12 GB,Snapdragon,2.9 GHz,(1741),https://www.amazon.com/SAMSUNG-Galaxy-Version-Titanium-Violet/dp/B0D5ZW2Y2Z/ref=sr_1_30?dib=eyJ2IjoiMSJ9.LJWcd-ypsGs3xpO490bolMegpqGGZTRfiiIRHRSvoVklMQuR9rPnNX0Qe0u1xlKRmT84HPTwz8vK-Fuz7joHUVbjEQ5DaYgO6Z1zvoSfdzTHzcXg7KE5yQD9purX7dehVDBwEFdCIoBxqsW0m2CdA1yyMHDh91L1u2byVW9HFbn4FQ1CWKQLCXPfhruF8Wu9g69phCI7Tohphs3QhkVju3G5djiBUhNuzoDE2b-flkc.d1FJhhIcf-AwsRPkDNV6ivhff-Fq1maq5P_liemAnk8&dib_tag=se&keywords=samsung%2Bphone&qid=1781450880&th=1
SAMSUNG Galaxy S22 Ultra 5G (128GB 8GB) 6.8 AMOLED 2X 108MP Camera Global Volte (Fully Unlocked for AT&T Verizon T-Mobile Global) S908U1 (w/ 25W Super Fast Charger Phantom Black),,Samsung,android,8 GB,,2.8E+3 MHz,(70),https://www.amazon.com/SAMSUNG-S22-Ultra-5G-Unlocked/dp/B0BPDFG5Y1/ref=sr_1_29?dib=eyJ2IjoiMSJ9.LJWcd-ypsGs3xpO490bolMegpqGGZTRfiiIRHRSvoVklMQuR9rPnNX0Qe0u1xlKRmT84HPTwz8vK-Fuz7joHUVbjEQ5DaYgO6Z1zvoSfdzTHzcXg7KE5yQD9purX7dehVDBwEFdCIoBxqsW0m2CdA1yyMHDh91L1u2byVW9HFbn4FQ1CWKQLCXPfhruF8Wu9g69phCI7Tohphs3QhkVju3G5djiBUhNuzoDE2b-flkc.d1FJhhIcf-AwsRPkDNV6ivhff-Fq1maq5P_liemAnk8&dib_tag=se&keywords=samsung+phone&qid=1781450880
BAOWU I24 Ultra 5G Unlocked Phones Built in Pen Smartphone Battery 6800mAh 6.8 HD Screen Unlocked Cell Phone 16+512GB Android14 with 128G Memory Card Face ID/Fingerprint Lock/GPS (Orange),,BAOWU,Android 14,16 GB,,,(2),https://www.amazon.com/BAOWU-Unlocked-Phone-Green-B/dp/B0FY7H7RNM/ref=sr_1_28_sspa?dib=eyJ2IjoiMSJ9.LJWcd-ypsGs3xpO490bolMegpqGGZTRfiiIRHRSvoVklMQuR9rPnNX0Qe0u1xlKRmT84HPTwz8vK-Fuz7joHUVbjEQ5DaYgO6Z1zvoSfdzTHzcXg7KE5yQD9purX7dehVDBwEFdCIoBxqsW0m2CdA1yyMHDh91L1u2byVW9HFbn4FQ1CWKQLCXPfhruF8Wu9g69phCI7Tohphs3QhkVju3G5djiBUhNuzoDE2b-flkc.d1FJhhIcf-AwsRPkDNV6ivhff-Fq1maq5P_liemAnk8&dib_tag=se&keywords=samsung%2Bphone&qid=1781450880&sp_csd=d2lkZ2V0TmFtZT1zcF9tdGY&th=1
Fadnou S25 Ultra Unlocked Cell Phone Built in Pen Smartphone Battery 7000mAh 6.99 HD Screen Unlocked Phones 16+512GB 5G The Phone Android 14 Face ID/Fingerprint Lock/GPS (Gray),,Fadnou,Android 14,16 GB,Snapdragon 8 Gen3,,(12),https://www.amazon.com/Fadnou-I25-Ultra-Unlocked-Smartphone/dp/B0DSQ96K84/ref=sr_1_27_sspa?dib=eyJ2IjoiMSJ9.LJWcd-ypsGs3xpO490bolMegpqGGZTRfiiIRHRSvoVklMQuR9rPnNX0Qe0u1xlKRmT84HPTwz8vK-Fuz7joHUVbjEQ5DaYgO6Z1zvoSfdzTHzcXg7KE5yQD9purX7dehVDBwEFdCIoBxqsW0m2CdA1yyMHDh91L1u2byVW9HFbn4FQ1CWKQLCXPfhruF8Wu9g69phCI7Tohphs3QhkVju3G5djiBUhNuzoDE2b-flkc.d1FJhhIcf-AwsRPkDNV6ivhff-Fq1maq5P_liemAnk8&dib_tag=se&keywords=samsung%2Bphone&qid=1781450880&sp_csd=d2lkZ2V0TmFtZT1zcF9tdGY&th=1
Samsung Galaxy S22 Ultra 5G US Version 512GB Phantom Black - Unlocked (Renewed),,Samsung,Android,12 GB,Snapdragon,2.5 GHz,(966),https://www.amazon.com/SAMSUNG-S22-Ultra-5G-512GB/dp/B09WZF9633/ref=sr_1_26?dib=eyJ2IjoiMSJ9.LJWcd-ypsGs3xpO490bolMegpqGGZTRfiiIRHRSvoVklMQuR9rPnNX0Qe0u1xlKRmT84HPTwz8vK-Fuz7joHUVbjEQ5DaYgO6Z1zvoSfdzTHzcXg7KE5yQD9purX7dehVDBwEFdCIoBxqsW0m2CdA1yyMHDh91L1u2byVW9HFbn4FQ1CWKQLCXPfhruF8Wu9g69phCI7Tohphs3QhkVju3G5djiBUhNuzoDE2b-flkc.d1FJhhIcf-AwsRPkDNV6ivhff-Fq1maq5P_liemAnk8&dib_tag=se&keywords=samsung+phone&qid=1781450880
Samsung Galaxy A56 5G 2025 | 256GB 12GB Dual SIM | 6.7 120Hz AMOLED IP67 Water Resistant Android 15 | International Model Factory Unlocked for T-Mobile & Global | 25W Charger Bundle (Graphite),,Samsung,Android,12 GB,Others,2.9 GHz,(449),https://www.amazon.com/SAMSUNG-Resistant-International-Unlocked-T-Mobile/dp/B0F493SPV4/ref=sr_1_25?dib=eyJ2IjoiMSJ9.LJWcd-ypsGs3xpO490bolMegpqGGZTRfiiIRHRSvoVklMQuR9rPnNX0Qe0u1xlKRmT84HPTwz8vK-Fuz7joHUVbjEQ5DaYgO6Z1zvoSfdzTHzcXg7KE5yQD9purX7dehVDBwEFdCIoBxqsW0m2CdA1yyMHDh91L1u2byVW9HFbn4FQ1CWKQLCXPfhruF8Wu9g69phCI7Tohphs3QhkVju3G5djiBUhNuzoDE2b-flkc.d1FJhhIcf-AwsRPkDNV6ivhff-Fq1maq5P_liemAnk8&dib_tag=se&keywords=samsung%2Bphone&qid=1781450880&th=1
SAMSUNG Galaxy A36 5G 2025 | 256GB Dual SIM | 6.7 120Hz AMOLED IP67 Water Resistant Android 15 | International Model Factory Unlocked for T-Mobile & Global | 25W Fast Charger Bundle (Black),,Samsung,Android 15,8 GB,Snapdragon,2.4 GHz,(235),https://www.amazon.com/SAMSUNG-Resistant-International-Unlocked-T-Mobile/dp/B0F49DQKT8/ref=sr_1_24?dib=eyJ2IjoiMSJ9.LJWcd-ypsGs3xpO490bolMegpqGGZTRfiiIRHRSvoVklMQuR9rPnNX0Qe0u1xlKRmT84HPTwz8vK-Fuz7joHUVbjEQ5DaYgO6Z1zvoSfdzTHzcXg7KE5yQD9purX7dehVDBwEFdCIoBxqsW0m2CdA1yyMHDh91L1u2byVW9HFbn4FQ1CWKQLCXPfhruF8Wu9g69phCI7Tohphs3QhkVju3G5djiBUhNuzoDE2b-flkc.d1FJhhIcf-AwsRPkDNV6ivhff-Fq1maq5P_liemAnk8&dib_tag=se&keywords=samsung+phone&qid=1781450880
Samsung Galaxy S25+ 256GB Navy - Unlocked (Renewed),,Samsung,Android,12 GB,Snapdragon,3.5 GHz,(539),https://www.amazon.com/SAMSUNG-S25-Smartphone-Processor-ProScaler/dp/B0F39Z696P/ref=sr_1_23?dib=eyJ2IjoiMSJ9.LJWcd-ypsGs3xpO490bolMegpqGGZTRfiiIRHRSvoVklMQuR9rPnNX0Qe0u1xlKRmT84HPTwz8vK-Fuz7joHUVbjEQ5DaYgO6Z1zvoSfdzTHzcXg7KE5yQD9purX7dehVDBwEFdCIoBxqsW0m2CdA1yyMHDh91L1u2byVW9HFbn4FQ1CWKQLCXPfhruF8Wu9g69phCI7Tohphs3QhkVju3G5djiBUhNuzoDE2b-flkc.d1FJhhIcf-AwsRPkDNV6ivhff-Fq1maq5P_liemAnk8&dib_tag=se&keywords=samsung+phone&qid=1781450880
Samsung Galaxy A16 5G 128GB Cell Phone Unlocked Android Smartphone Large AMOLED Display Durable Design Super Fast Charging Expandable Storage US Version 2025 Blue Black (Renewed),,Samsung,Android,4 GB,Exynos 1330 S5E8535,2 GHz,(411),https://www.amazon.com/Samsung-A16-Unlocked-Smartphone-Expandable/dp/B0FCJMPV9X/ref=sr_1_22?dib=eyJ2IjoiMSJ9.LJWcd-ypsGs3xpO490bolMegpqGGZTRfiiIRHRSvoVklMQuR9rPnNX0Qe0u1xlKRmT84HPTwz8vK-Fuz7joHUVbjEQ5DaYgO6Z1zvoSfdzTHzcXg7KE5yQD9purX7dehVDBwEFdCIoBxqsW0m2CdA1yyMHDh91L1u2byVW9HFbn4FQ1CWKQLCXPfhruF8Wu9g69phCI7Tohphs3QhkVju3G5djiBUhNuzoDE2b-flkc.d1FJhhIcf-AwsRPkDNV6ivhff-Fq1maq5P_liemAnk8&dib_tag=se&keywords=samsung%2Bphone&qid=1781450880&th=1
Samsung Galaxy Z Fold 5 5G US Version 512GB Phantom Black - Unlocked (Renewed),,Samsung,Android,12 GB,Snapdragon,3.36 GHz,(177),https://www.amazon.com/SAMSUNG-Galaxy-Fold-Unlocked-Smartphone/dp/B0CK5V7MWK/ref=sr_1_21?dib=eyJ2IjoiMSJ9.LJWcd-ypsGs3xpO490bolMegpqGGZTRfiiIRHRSvoVklMQuR9rPnNX0Qe0u1xlKRmT84HPTwz8vK-Fuz7joHUVbjEQ5DaYgO6Z1zvoSfdzTHzcXg7KE5yQD9purX7dehVDBwEFdCIoBxqsW0m2CdA1yyMHDh91L1u2byVW9HFbn4FQ1CWKQLCXPfhruF8Wu9g69phCI7Tohphs3QhkVju3G5djiBUhNuzoDE2b-flkc.d1FJhhIcf-AwsRPkDNV6ivhff-Fq1maq5P_liemAnk8&dib_tag=se&keywords=samsung+phone&qid=1781450880
Samsung Galaxy A06 4G LTE (64GB + 4GB) Latin Version SM-A065M/DS Factory Unlocked 6.7 Dual Sim 50MP Dual Cam (Case Bundle) - (Black),,Samsung,Android,4 GB,MediaTek Helio,2 GHz,(232),https://www.amazon.com/SAMSUNG-Version-SM-A065M-DS-Unlocked/dp/B0DNLLMVBX/ref=sr_1_20?dib=eyJ2IjoiMSJ9.LJWcd-ypsGs3xpO490bolMegpqGGZTRfiiIRHRSvoVklMQuR9rPnNX0Qe0u1xlKRmT84HPTwz8vK-Fuz7joHUVbjEQ5DaYgO6Z1zvoSfdzTHzcXg7KE5yQD9purX7dehVDBwEFdCIoBxqsW0m2CdA1yyMHDh91L1u2byVW9HFbn4FQ1CWKQLCXPfhruF8Wu9g69phCI7Tohphs3QhkVju3G5djiBUhNuzoDE2b-flkc.d1FJhhIcf-AwsRPkDNV6ivhff-Fq1maq5P_liemAnk8&dib_tag=se&keywords=samsung+phone&qid=1781450880
SAMSUNG Galaxy S23 5G US Version 128GB Phantom Black - Unlocked (Renewed),,Samsung,Android,8 GB,Snapdragon,3.2 GHz,(1594),https://www.amazon.com/SAMSUNG-Galaxy-S23-Factory-Unlocked/dp/B0C5B736X3/ref=sr_1_19?dib=eyJ2IjoiMSJ9.LJWcd-ypsGs3xpO490bolMegpqGGZTRfiiIRHRSvoVklMQuR9rPnNX0Qe0u1xlKRmT84HPTwz8vK-Fuz7joHUVbjEQ5DaYgO6Z1zvoSfdzTHzcXg7KE5yQD9purX7dehVDBwEFdCIoBxqsW0m2CdA1yyMHDh91L1u2byVW9HFbn4FQ1CWKQLCXPfhruF8Wu9g69phCI7Tohphs3QhkVju3G5djiBUhNuzoDE2b-flkc.d1FJhhIcf-AwsRPkDNV6ivhff-Fq1maq5P_liemAnk8&dib_tag=se&keywords=samsung+phone&qid=1781450880
SZV I25 Ultra Unlocked Cell Phone12+512GB 5G Unlocked Phone Built in Pen Android 14 Battery 7000mAh 6.99 HD Screen Smartphone Dual SIM/Face ID/Fingerprint Lock/GPS (Black 12+512G),,SZV,Android,12 GB,Snapdragon 8 Gen3,,(3),https://www.amazon.com/SZV-Unlocked-Android-Smartphone-Fingerprint/dp/B0GF9YMQGZ/ref=sr_1_18_sspa?dib=eyJ2IjoiMSJ9.LJWcd-ypsGs3xpO490bolMegpqGGZTRfiiIRHRSvoVklMQuR9rPnNX0Qe0u1xlKRmT84HPTwz8vK-Fuz7joHUVbjEQ5DaYgO6Z1zvoSfdzTHzcXg7KE5yQD9purX7dehVDBwEFdCIoBxqsW0m2CdA1yyMHDh91L1u2byVW9HFbn4FQ1CWKQLCXPfhruF8Wu9g69phCI7Tohphs3QhkVju3G5djiBUhNuzoDE2b-flkc.d1FJhhIcf-AwsRPkDNV6ivhff-Fq1maq5P_liemAnk8&dib_tag=se&keywords=samsung+phone&qid=1781450880&sp_csd=d2lkZ2V0TmFtZT1zcF9hdGZfbmV4dA&psc=1
JQAKP I25 Ultra Smartphone 16+512GB | Android 14 | Snapdragon 8 Gen 3 | 68MP+108MP Dual Camera | 7000mAh Battery | 6.99 FHD+ Display | Outperform Competitors in Speed & Power (Pink),,JQAKP,Android 14,12 GB,Snapdragon 8 Gen3,,(6),https://www.amazon.com/JQAKP-I25-Ultra-Smartphone-Competitors/dp/B0FDWSTLBX/ref=sr_1_17_sspa?dib=eyJ2IjoiMSJ9.LJWcd-ypsGs3xpO490bolMegpqGGZTRfiiIRHRSvoVklMQuR9rPnNX0Qe0u1xlKRmT84HPTwz8vK-Fuz7joHUVbjEQ5DaYgO6Z1zvoSfdzTHzcXg7KE5yQD9purX7dehVDBwEFdCIoBxqsW0m2CdA1yyMHDh91L1u2byVW9HFbn4FQ1CWKQLCXPfhruF8Wu9g69phCI7Tohphs3QhkVju3G5djiBUhNuzoDE2b-flkc.d1FJhhIcf-AwsRPkDNV6ivhff-Fq1maq5P_liemAnk8&dib_tag=se&keywords=samsung+phone&qid=1781450880&sp_csd=d2lkZ2V0TmFtZT1zcF9hdGZfbmV4dA&psc=1
